name,name_cn,level,website,motto,address,principal
Sierra Primary School, Sierra小學,elementary,,,,
Clement Primary, clement小學,elementary,,,,
Edge Primary School,EDGE小學,elementary,,,,
Reading Primary School,Reading小學,elementary,,,,
Async Primary,一步小學,elementary,,,,
Trinity Primary School,三位一體小學,elementary,,,,
Cloverdale Primary School,三葉草谷小學,elementary,,,,
Delta Primary,三角洲小學,elementary,,,,
Church of God Primary,上帝教會小學,elementary,,,,
Undefeated Primary School,不敗小學,elementary,,,,
Central Primary School,中央小學,elementary,,,,
中華傳道會呂明才小學 CNEC Lui Ming Choi Primary School,中華傳道會呂明才小學 CNEC Lui Ming Choi Primary School,elementary,,仁愛、喜樂、和平 ,,
CCC (Shan) Primary,中華基督教會上水小學,elementary,,,,
CNEC (Tung) Primary,中華基督教會中華基督教會基東小學,elementary,,,,
CCC (Bishop) Primary,中華基督教會主恩小學,elementary,,,,
CCC (Kowloon) Primary,中華基督教會九龍小學,elementary,,,,
CCC (Kowloon) Primary,中華基督教會九龍真光中學附屬小學,elementary,,,,
CCC (Wan) Primary,中華基督教會仁華小學,elementary,,,,
CNEC (Yuen) Primary,中華基督教會元小學,elementary,,,,
CCC (Yuen) Primary,中華基督教會元朗小學,elementary,,,,
CNEC (Siu) Primary,中華基督教會兆小學,elementary,,,,
CCC (Siu) Primary,中華基督教會兆祥小學,elementary,,,,
CCC (Kwong) Primary,中華基督教會光小學,elementary,,,,
CNEC (Kwong) Primary,中華基督教會光華小學,elementary,,,,
CCC (Lau) Primary,中華基督教會劉小學,elementary,,,,
CCC (Heep) Primary,中華基督教會協和小學,elementary,,,,
CNEC (Heep) Primary,中華基督教會合一堂中華基信小學,elementary,,,,
CCC (Lui) Primary,中華基督教會呂小學,elementary,,,,
CNEC (Shan) Primary,中華基督教會善小學,elementary,,,,
CNEC (Yat) Primary,中華基督教會基一度小學,elementary,,,,
CCC (Chun) Primary,中華基督教會基全小學,elementary,,,,
CCC (Kai) Primary,中華基督教會基小學,elementary,,,,
CNEC (Ping) Primary,中華基督教會基屏小學,elementary,,,,
CNEC (Kwai) Primary,中華基督教會基慧小學,elementary,,,,
中華基督教會基法小學 CCC Kei Faat Primary School,中華基督教會基法小學 CCC Kei Faat Primary School,elementary,,仁義禮智信望愛 ,,
中華基督教會基法小學(油塘) CCC Kei Faat Primary School (Yau Tong),中華基督教會基法小學(油塘) CCC Kei Faat Primary School (Yau Tong),elementary,,仁義禮智信望愛 ,,
CNEC (Tai) Primary,中華基督教會基泰小學,elementary,,,,
CCC (Cheung) Primary,中華基督教會基灣小學,elementary,,,,
中華基督教會基灣小學 CCC Kei Wan Primary School,中華基督教會基灣小學 CCC Kei Wan Primary School,elementary,,教養孩童，使他走當行的道，就是到老他也不偏離。 Train up a child in the way he should go,,
中華基督教會基灣小學(愛蝶灣) CCC Kei Wan Primary School (Aldrich Bay),中華基督教會基灣小學(愛蝶灣) CCC Kei Wan Primary School (Aldrich Bay),elementary,,明道律己 Be self-disciplined through learning and understanding the Christ Principles.,,
CNEC (Kowloon) Primary,中華基督教會基真小學,elementary,,,,
CNEC (Kei) Primary,中華基督教會基禾小學,elementary,,,,
CNEC (Lui) Primary,中華基督教會基聯小學,elementary,,,,
中華基督教會基華小學(九龍塘) CCC Kei Wa Primary School (Kowloon Tong),中華基督教會基華小學(九龍塘) CCC Kei Wa Primary School (Kowloon Tong),elementary,,學以明道 ,,
CCC (Lui) Primary,中華基督教會基順小學,elementary,,,,
CNEC (Tong) Primary,中華基督教會塘小學,elementary,,,,
CCC (Taipo) Primary,中華基督教會大埔基道小學,elementary,,,,
CCC (Tai) Primary,中華基督教會大埔小學,elementary,,,,
中華基督教會大澳小學 CCC Tai O Primary School,中華基督教會大澳小學 CCC Tai O Primary School,elementary,,"做個品行好、有能力、有自信和快樂的學生 To be a virtuous, capable, confident and pleasant pupil",,
CNEC (Tin) Primary,中華基督教會天小學,elementary,,,,
CCC (Tin) Primary,中華基督教會天恩小學,elementary,,,,
CNEC (San) Primary,中華基督教會山小學,elementary,,,,
CNEC (Hei) Primary,中華基督教會希雲小學,elementary,,,,
CNEC (Kwong) Primary,中華基督教會廣小學,elementary,,,,
CCC (Tsz) Primary,中華基督教會慈小學,elementary,,,,
CNEC (Tung) Primary,中華基督教會東小學,elementary,,,,
CCC (Tung) Primary,中華基督教會東涌小學,elementary,,,,
CNEC (Lam) Primary,中華基督教會林小學,elementary,,,,
CCC (Lam) Primary,中華基督教會林金小學,elementary,,,,
CNEC (Kwei) Primary,中華基督教會桂華山小學,elementary,,,,
CNEC (Lai) Primary,中華基督教會梨小學,elementary,,,,
CCC (Lai) Primary,中華基督教會梨木樹小學,elementary,,,,
CCC (Shui) Primary,中華基督教會水深小學,elementary,,,,
CNEC (Sha) Primary,中華基督教會沙小學,elementary,,,,
CCC (Sha) Primary,中華基督教會沙田小學,elementary,,,,
CNEC (Sha) Primary,中華基督教會沙田靈光小學,elementary,,,,
CNEC (Yau) Primary,中華基督教會油小學,elementary,,,,
CCC (Yau) Primary,中華基督教會油麻地小學,elementary,,,,
CNEC (Tai) Primary,中華基督教會泰小學,elementary,,,,
CNEC (Shan) Primary,中華基督教會深恩小學,elementary,,,,
CCC (Shan) Primary,中華基督教會深愛堂小學,elementary,,,,
中華基督教會灣仔堂基道小學(九龍城) CCC Wanchai Church Kei To Primary School (Kowloon City),中華基督教會灣仔堂基道小學(九龍城) CCC Wanchai Church Kei To Primary School (Kowloon City),elementary,,"你們要完全，像你們的天父完全一樣。 Be perfect, therefore, as your heavenly Father is perfect.",,
CCC (Wan) Primary,中華基督教會灣仔小學,elementary,,,,
CNEC (Wan) Primary,中華基督教會灣小學,elementary,,,,
CCC (Sik) Primary,中華基督教會石小學,elementary,,,,
CNEC (Fuk) Primary,中華基督教會福和小學,elementary,,,,
CCC (Fuk) Primary,中華基督教會福復小學,elementary,,,,
CCC (Kwan) Primary,中華基督教會群華小學,elementary,,,,
CCC (Heung) Primary,中華基督教會興德小學,elementary,,,,
CCC (Kwai) Primary,中華基督教會葵涌小學,elementary,,,,
CNEC (Sai) Primary,中華基督教會西小學,elementary,,,,
CNEC (Tse) Primary,中華基督教會謝小學,elementary,,,,
CNEC (Ngan) Primary,中華基督教會銀小學,elementary,,,,
CCC (Ngan) Primary,中華基督教會銀禧小學,elementary,,,,
CCC (Ming) Primary,中華基督教會銘賢小學,elementary,,,,
CNEC (Kam) Primary,中華基督教會錦小學,elementary,,,,
中華基督教會長洲堂錦江小學 CCC Cheung Chau Church Kam Kong Primary School,中華基督教會長洲堂錦江小學 CCC Cheung Chau Church Kam Kong Primary School,elementary,,"敬愛勤慎 Respect, love, diligence and prudence",,
CCC (Lei) Primary,中華基督教會雷小學,elementary,,,,
CNEC (Ling) Primary,中華基督教會靈小學,elementary,,,,
CNEC (Ching) Primary,中華基督教會青禾小學,elementary,,,,
CNEC (Ching) Primary,中華基督教會青道小學,elementary,,,,
Allied Primary School,中華英文小學,elementary,,,,
中西區聖安多尼學校 Central And Western District St. Anthony's School,中西區聖安多尼學校 Central And Western District St. Anthony's School,elementary,,篤信博愛 FIDE ET CARITATE (FAITH AND CHARITY),,
Midwest Primary School,中西部小學,elementary,,,,
Denver Primary School,丹佛小學,elementary,,,,
"丹拿山循道學校 Chinese Methodist School, Tanner Hill","丹拿山循道學校 Chinese Methodist School, Tanner Hill",elementary,,遵循主道 Complying with the word of God,,
Bishop Primary,主敎小學,elementary,,,,
Kowloon City Government Primary,九龍城官立小學,elementary,,,,
九龍塘天主教華德學校 Kowloon Tong Bishop Walsh Catholic School 新華德學校,九龍塘天主教華德學校 Kowloon Tong Bishop Walsh Catholic School 新華德學校,elementary,,"勤謹謙信 To become Diligent, Prudent, Humble and Responsible persons.",,
九龍塘學校(小學部) Kowloon Tong School (Primary Section) 九龍塘小學、九龍塘學校小學部,九龍塘學校(小學部) Kowloon Tong School (Primary Section) 九龍塘小學、九龍塘學校小學部,elementary,,"勤、慎、禮、儉 Diligence, Prudence, Courtesy, Thrift",,
九龍塘官立小學 Kowloon Tong Government Primary School,九龍塘官立小學 Kowloon Tong Government Primary School,elementary,,進德修業 Cultivating moral and intellectual attributes,,
"九龍塘宣道小學 Alliance Primary School, Kowloon Tong","九龍塘宣道小學 Alliance Primary School, Kowloon Tong",elementary,,敬畏耶和華，是智慧的開端，認識至聖者便是聰明 ,,
KTS Primary,九龍塘書院小學,elementary,,,,
Kowloon Preparatory School,九龍學校,elementary,,,,
Kowloon Technical School Primary,九龍工業學校附屬小學,elementary,,,,
九龍灣聖若翰天主教小學 Kowloon Bay St. John The Baptist Catholic Primary School,九龍灣聖若翰天主教小學 Kowloon Bay St. John The Baptist Catholic Primary School,elementary,,剛毅求真 Be strong and seek the truth.,,
九龍真光中學(小學部) Kowloon True Light School (Primary Section) 九龍真光小學、九龍真光中學小學部、九真小學、九龍塘真光,九龍真光中學(小學部) Kowloon True Light School (Primary Section) 九龍真光小學、九龍真光中學小學部、九真小學、九龍塘真光,elementary,,爾乃世之光 Thou Art the Light of the World,,
"九龍靈光小學 Emmanuel Primary School, Kowloon","九龍靈光小學 Emmanuel Primary School, Kowloon",elementary,,敬神愛人 Respect God and Love Your Neighbour,,
Marvelous Primary School,了不起小學,elementary,,,,
Henry Primary School,亨利小學,elementary,,,,
Huntington Primary School,亨廷頓小學,elementary,,,,
Henderson Primary School,亨德森小學,elementary,,,,
Henrietta Primary School,亨麗埃塔小學,elementary,,,,
Humane Primary School,人道小學,elementary,,,,
Dayton Primary School,代頓小學,elementary,,,,
Impressive Primary School,令人印象深刻小學,elementary,,,,
Enoch Primary,以諾小學,elementary,,,,
Enterprise Primary,企業小學,elementary,,,,
Erasmus Primary,伊拉斯謨小學,elementary,,,,
Eastwood Primary School,伊斯特伍德小學,elementary,,,,
Ede Primary School,伊甸小學,elementary,,,,
Eton Primary School,伊頓公學小學部,elementary,,,,
Eaton Primary,伊頓小學,elementary,,,,
Elizabeth Primary,伊麗莎白小學,elementary,,,,
Woodstock Primary School,伍德斯托克小學,elementary,,,,
Worcester Primary School,伍斯特小學,elementary,,,,
Houston Primary School,休斯頓小學,elementary,,,,
Berkeley Primary School,伯克利小學,elementary,,,,
Earl Primary,伯爵小學,elementary,,,,
Burlington Primary School,伯靈頓小學,elementary,,,,
佐敦谷聖若瑟天主教小學 Jordan Valley St. Joseph's Catholic Primary School,佐敦谷聖若瑟天主教小學 Jordan Valley St. Joseph's Catholic Primary School,elementary,,"篤信力學，愛主愛人 Striving towards excellence through faith, diligence and love",,
Bishop Hall Primary School,何明華會督銀禧小學,elementary,,,,
佛教中華康山學校 Buddhist Chung Wah Kornhill Primary School,佛教中華康山學校 Buddhist Chung Wah Kornhill Primary School,elementary,,明智顯悲 Realizing equilibrium Sensing compassion,,
Buddhist (Kowloon) Primary,佛教九龍小學,elementary,,,,
Buddhist (Ho) Primary,佛教何黃筱湘小學,elementary,,,,
Buddhist (Ho) Primary,佛教何黃筱湘紀念小學,elementary,,,,
Buddhist (Yue) Primary,佛教余氏小學,elementary,,,,
Buddhist (Fu) Primary,佛教傅厚民小學,elementary,,,,
Buddhist (Fu) Primary,佛教傅融小學,elementary,,,,
Buddhist (Siu) Primary,佛教兆祥小學,elementary,,,,
Buddhist (Li) Primary,佛教利銘小學,elementary,,,,
Buddhist (Lau) Primary,佛教劉鎏小學,elementary,,,,
Buddhist (Lui) Primary,佛教呂潤財紀念小學,elementary,,,,
Buddhist (Shan) Primary,佛教善小學,elementary,,,,
Buddhist (Tai) Primary,佛教大圍小學,elementary,,,,
Buddhist (Suen) Primary,佛教孫小學,elementary,,,,
Buddhist (Yung) Primary,佛教容小學,elementary,,,,
Buddhist (Kong) Primary,佛教康文小學,elementary,,,,
Buddhist (Cheung) Primary,佛教張名泉紀念小學,elementary,,,,
Buddhist (Kwai) Primary,佛教慈幼學校,elementary,,,,
Buddhist (Cheung) Primary,佛教慈恩小學,elementary,,,,
Buddhist (Chai) Primary,佛教慈慧小學,elementary,,,,
佛教慈敬學校 Buddhist Chi King Primary School,佛教慈敬學校 Buddhist Chi King Primary School,elementary,,明智顯悲 ,,
Buddhist (Yat) Primary,佛教慈積小學,elementary,,,,
Buddhist Primary School,佛教慈航小學,elementary,,,,
Buddhist (Sun) Primary,佛教新光小學,elementary,,,,
Buddhist (Lee) Primary,佛教李國興小學,elementary,,,,
Buddhist (Tung) Primary,佛教東區小學,elementary,,,,
Buddhist (Tong) Primary,佛教東小學,elementary,,,,
佛教林炳炎紀念學校 Buddhist Lam Bing Yim Memorial School 佛教林炳炎紀念學校(香港佛教聯合會主辦),佛教林炳炎紀念學校 Buddhist Lam Bing Yim Memorial School 佛教林炳炎紀念學校(香港佛教聯合會主辦),elementary,,明智顯悲 ,,
Buddhist (Lam) Primary,佛教林耀小學,elementary,,,,
佛教林金殿紀念小學 Buddhist Lim Kim Tian Memorial Primary School,佛教林金殿紀念小學 Buddhist Lim Kim Tian Memorial Primary School,elementary,,明智顯悲 Realizing equilibrium; Sensing compassion,,
Buddhist (Lok) Primary,佛教樂學小學,elementary,,,,
Buddhist (Lok) Primary,佛教樂行小學,elementary,,,,
Buddhist (Sha) Primary,佛教沙田小學,elementary,,,,
Buddhist (Yau) Primary,佛教油麻地小學,elementary,,,,
Buddhist (Hung) Primary,佛教洪錦小學,elementary,,,,
Buddhist (Sham) Primary,佛教深水埗小學,elementary,,,,
Buddhist (Wan) Primary,佛教灣仔小學,elementary,,,,
Buddhist (Yin) Primary,佛教燕小學,elementary,,,,
Buddhist (Kwai) Primary,佛教葵涌小學,elementary,,,,
Buddhist (Mong) Primary,佛教蒙正小學,elementary,,,,
Buddhist (Tse) Primary,佛教謝小學,elementary,,,,
Buddhist (Lai) Primary,佛教賴濂小學,elementary,,,,
Buddhist (Lo) Primary,佛教路小學,elementary,,,,
Buddhist (Kam) Primary,佛教金耀小學,elementary,,,,
Buddhist (Ngan) Primary,佛教銀禧小學,elementary,,,,
Buddhist (To) Primary,佛教陶小學,elementary,,,,
Buddhist (Ma) Primary,佛教馬灣小學,elementary,,,,
Buddhist (Wong) Primary,佛教黃埔小學,elementary,,,,
Florence Primary School,佛羅倫薩小學,elementary,,,,
Vermont Primary School,佛蒙特小學,elementary,,,,
Ohio Primary School,俄亥俄小學,elementary,,,,
Oklahoma Primary School,俄克拉荷馬小學,elementary,,,,
Oregon Primary School,俄勒岡小學,elementary,,,,
PLK (Sam) Primary,保良局三水小學,elementary,,,,
PLK (Shan) Primary,保良局上水宣道小學,elementary,,,,
PLK (Ng) Primary,保良局伍冕僖小學,elementary,,,,
PLK (Ho) Primary,保良局何壽南小學,elementary,,,,
PLK (Yu) Primary,保良局余屋小學,elementary,,,,
PLK (Nip) Primary,保良局倪張瑞芳小學,elementary,,,,
PLK (Liu) Primary,保良局劉欽弘小學,elementary,,,,
PLK (Lau) Primary,保良局劉陳小學,elementary,,,,
PLK (Chau) Primary,保良局周壽賢小學,elementary,,,,
PLK (Tong) Primary,保良局唐祥小學,elementary,,,,
PLK (Ha) Primary,保良局夏加利小學,elementary,,,,
PLK (Yau) Primary,保良局姚達之小學,elementary,,,,
PLK (Cheung) Primary,保良局張煊昌小學,elementary,,,,
PLK (Tsui) Primary,保良局徐錦堯小學,elementary,,,,
PLK (Tak) Primary,保良局德德德德,elementary,,,,
PLK (Ming) Primary,保良局文禧小學,elementary,,,,
PLK (Sun) Primary,保良局新光小學,elementary,,,,
PLK (Fong) Primary,保良局方王換娣小學,elementary,,,,
PLK (Chao) Primary,保良局朱正賢小學,elementary,,,,
PLK (Li) Primary,保良局李徐松壽小學,elementary,,,,
PLK (Tung) Primary,保良局東莞小學,elementary,,,,
保良局林文燦英文小學 PLK Lam Man Chan English Primary School 保良局林文燦小學,保良局林文燦英文小學 PLK Lam Man Chan English Primary School 保良局林文燦小學,elementary,,"愛敬勤誠 Love, Respect, Diligence and Integrity",,
PLK (Lam) Primary,保良局林文輝小學,elementary,,,,
PLK (Hung) Primary,保良局洪晏小學,elementary,,,,
PLK (Wan) Primary,保良局溫浩根小學,elementary,,,,
PLK (Poon) Primary,保良局潘德鄰小學,elementary,,,,
PLK (Sz) Primary,保良局盛殿小學,elementary,,,,
PLK (Lo) Primary,保良局盧邱玉卿小學,elementary,,,,
PLK (Sik) Primary,保良局石湖小學,elementary,,,,
PLK (Mei) Primary,保良局美景小學,elementary,,,,
PLK (Wu) Primary,保良局胡忠小學,elementary,,,,
PLK (Nung) Primary,保良局莊啟程小學,elementary,,,,
PLK (Mok) Primary,保良局莫慶堯小學,elementary,,,,
PLK (So) Primary,保良局蘇屋小學,elementary,,,,
PLK (Set) Primary,保良局西區小學,elementary,,,,
PLK (Tse) Primary,保良局謝黃小學,elementary,,,,
PLK (Hip) Primary,保良局譚歐陽少芳小學,elementary,,,,
PLK (Tam) Primary,保良局譚肇小學,elementary,,,,
PLK (Chiu) Primary,保良局趙曾學韞小學,elementary,,,,
PLK (Shiu) Primary,保良局邵錦棠小學,elementary,,,,
PLK (Kwok) Primary,保良局郭羅桂珍小學,elementary,,,,
PLK (Yin) Primary,保良局銀禧小學,elementary,,,,
PLK (Pui) Primary,保良局錦泰小學,elementary,,,,
PLK (Kwan) Primary,保良局關啟明小學,elementary,,,,
PLK (Canton) Primary,保良局陳守仁小學,elementary,,,,
保良局陳溢小學 PLK Chan Yat Primary School,保良局陳溢小學 PLK Chan Yat Primary School,elementary,,"愛敬勤誠 Love, Respect, Diligence, Honesty",,
PLK (Ma) Primary,保良局馬千溪小學,elementary,,,,
PLK (Fung) Primary,保良局馮余佩annah小學,elementary,,,,
PLK (Wong) Primary,保良局黃永樹小學,elementary,,,,
Individual Primary School,個性小學,elementary,,,,
Ethics Primary,倫理小學,elementary,,,,
Lennox Primary School,倫諾克斯小學,elementary,,,,
Trustworthy Primary School,值得信賴小學,elementary,,,,
Worthy Primary School,值得小學,elementary,,,,
Great Primary School,偉大小學,elementary,,,,
Robust Primary School,健壯小學,elementary,,,,
Healthy Primary School,健康小學,elementary,,,,
Evening Primary,傍晚小學,elementary,,,,
Jackson Primary School,傑克遜小學,elementary,,,,
Jefferson Primary School,傑斐遜小學,elementary,,,,
Jessie Primary School,傑西小學,elementary,,,,
Graceful Primary School,優美小學,elementary,,,,
Elegant Primary,優雅小學,elementary,,,,
Yuen Long Government Primary,元朗官立小學,elementary,,,,
Element Primary,元素小學,elementary,,,,
Bright Primary,光亮小學,elementary,,,,
Bright Primary School,光明小學,elementary,,,,
Glorious Primary School,光榮小學,elementary,,,,
Cromwell Primary School,克倫威爾小學,elementary,,,,
Cleveland Primary School,克利夫蘭小學,elementary,,,,
Clifton Primary School,克利夫頓小學,elementary,,,,
Clarendon Primary School,克拉倫登小學,elementary,,,,
Clinton Primary School,克林頓小學,elementary,,,,
Clayton Primary School,克萊頓小學,elementary,,,,
Cranbrook Primary School,克蘭布魯克小學,elementary,,,,
Craig Primary School,克雷格小學,elementary,,,,
Nebraska Primary School,內布拉斯加小學,elementary,,,,
Nellie Primary School,內莉小學,elementary,,,,
Nevada Primary School,內華達小學,elementary,,,,
Chun Siu Primary,全完小學,elementary,,,,
Duke Primary,公爵小學,elementary,,,,
Congregational Primary,公理書院小學,elementary,,,,
Congregational Primary,公理會小學,elementary,,,,
Republican Primary School,共和黨小學,elementary,,,,
Crestwood Primary School,冠木小學,elementary,,,,
Champs Primary,冠軍小學,elementary,,,,
Winter Haven Primary School,冬季港小學,elementary,,,,
Holly Primary School,冬青小學,elementary,,,,
Brilliant Primary,出色小學,elementary,,,,
Cheney Primary School,切尼小學,elementary,,,,
Chester Primary School,切斯特小學,elementary,,,,
Chesterfield Primary,切斯特菲爾德小學,elementary,,,,
Chesterton Primary School,切斯特頓小學,elementary,,,,
Chelsea Primary School,切爾西小學,elementary,,,,
Lexington Primary School,列剋星敦小學,elementary,,,,
Livingston Primary School,利文斯頓小學,elementary,,,,
Creative Primary School,創意小學,elementary,,,,
Innovation Primary School,創新小學,elementary,,,,
Lewis Primary School,劉易斯小學,elementary,,,,
Cambridge Primary School,劍橋小學,elementary,,,,
Canadian International School Primary,加拿大國際學校小學,elementary,,,,
Canadian (HK) Primary,加拿大小學,elementary,,,,
Cardiff Primary School,加的夫小學,elementary,,,,
Garfield Primary School,加菲爾德小學,elementary,,,,
Garrison Primary School,加里森小學,elementary,,,,
Brave Primary School,勇敢小學,elementary,,,,
Victorious Primary School,勝利小學,elementary,,,,
Lawrence Primary School,勞倫斯小學,elementary,,,,
Industrious Primary School,勤奮小學,elementary,,,,
勵志會梁李秀娛紀念小學 The Endeavourers Leung Lee Sau Yu Memorial Primary School,勵志會梁李秀娛紀念小學 The Endeavourers Leung Lee Sau Yu Memorial Primary School,elementary,,明德智信 ,,
Beijing Normal Primary,北京師範大學小學,elementary,,,,
Alkaid Primary School,北斗小學,elementary,,,,
Northfield Primary School,北菲爾德小學,elementary,,,,
Northcote College Primary,北角官立小學,elementary,,,,
北角官立小學 North Point Government Primary School,北角官立小學 North Point Government Primary School,elementary,,全人發展、才德並重、致知創新、仁厚擇善 Nuture the whole person to pursue excellence in all endeavours. Grow stronge in mind and body. Perservere in times of hardship. Seek truth and beauty.,,
北角官立小學(雲景道) North Point Government Primary School (Cloudview Road),北角官立小學(雲景道) North Point Government Primary School (Cloudview Road),elementary,,"仁、樂、進、勤 Be kind, happy, progressive and hard-working",,
北角循道學校 Chinese Methodist School (North Point),北角循道學校 Chinese Methodist School (North Point),elementary,,遵循主道 Complying with the word of God,,
Pittsburgh Primary School,匹茲堡小學,elementary,,,,
Zone Primary School,區域小學,elementary,,,,
Thousand Oaks Primary School,千橡樹小學,elementary,,,,
British Columbia Primary,卑詩小學,elementary,,,,
Excellence Primary,卓越小學,elementary,,,,
協恩中學附屬小學 Heep Yunn Primary School 協恩小學,協恩中學附屬小學 Heep Yunn Primary School 協恩小學,elementary,,"協力藉恩信主愛群 In strength and grace we stand united, In faith and love we are committed.",,
南丫北段公立小學 Northern Lamma School,南丫北段公立小學 Northern Lamma School,elementary,,"禮義廉恥 Courtesy, Righteousness, Integrity and a sense of honour",,
Southampton Primary School,南安普敦小學,elementary,,,,
South Island School Primary,南島小學,elementary,,,,
Beaumont Primary School,博蒙特小學,elementary,,,,
Carnegie Primary School,卡內基小學,elementary,,,,
Kappa Primary School,卡帕小學,elementary,,,,
Kalamazoo Primary School,卡拉馬祖小學,elementary,,,,
Carlton Primary School,卡爾頓小學,elementary,,,,
Carroll Primary School,卡羅爾小學,elementary,,,,
Carrolton Primary,卡頓小學,elementary,,,,
Indiana Primary School,印第安納小學,elementary,,,,
Principle Primary School,原則小學,elementary,,,,
Senate Primary School,參議員小學,elementary,,,,
Timely Primary School,及時小學,elementary,,,,
Sociable Primary School,友善小學,elementary,,,,
Friendly Primary School,友好小學,elementary,,,,
Popular Primary School,受歡迎小學,elementary,,,,
Goodwin Primary School,古德溫小學,elementary,,,,
Likable Primary School,可愛小學,elementary,,,,
Honorable Primary School,可敬小學,elementary,,,,
Epic Primary,史詩小學,elementary,,,,
AoI Primary,合一國小學,elementary,,,,
合一堂學校 Hop Yat Church School,合一堂學校 Hop Yat Church School,elementary,,"信、望、愛 FAITH, HOPE, LOVE",,
Qualified Primary School,合格小學,elementary,,,,
Reasonable Primary School,合理小學,elementary,,,,
Gibson Primary School,吉布森小學,elementary,,,,
Peace Primary School,和平小學,elementary,,,,
Concord Primary,和諧小學,elementary,,,,
Curry Primary,咖喱小學,elementary,,,,
Virtuous Primary School,品德高尚小學,elementary,,,,
Harding Primary School,哈丁小學,elementary,,,,
Harvard Primary School,哈佛小學,elementary,,,,
Hudson Primary School,哈德遜小學,elementary,,,,
Hartford Primary School,哈特福德小學,elementary,,,,
Columbia Primary School,哥倫比亞小學,elementary,,,,
Downing Primary School,唐寧小學,elementary,,,,
Commerce Primary School,商業小學,elementary,,,,
Kowloon Preparatory School,啟基學校,elementary,,"Love, Learn, Grow","53 Waterloo Road, Kowloon",
啟基學校(港島) Chan's Creative School (Hong Kong Island) 啟基小學,啟基學校(港島) Chan's Creative School (Hong Kong Island) 啟基小學,elementary,,"禮、義、廉、恥 Propriety, Justice, Integrity and Honour",,
Criterion Primary School,啟基小學,elementary,,,,
啟思小學 Creative Primary School,啟思小學 Creative Primary School,elementary,,活學好思 Share in the joy and fulfillment of learning and achieving excellence together,,
Enlighten Primary,啟發小學,elementary,,,,
Inspiring Primary School,啟發靈感小學,elementary,,,,
Kind International School,善良國際學校,elementary,,,,
Kind Primary School,善良小學,elementary,,,,
喇沙小學 La Salle Primary School,喇沙小學 La Salle Primary School,elementary,,信德、善行 Fides et Opera,,
Joyful Primary School,喜悅小學,elementary,,,,
Jordan Primary School,喬丹小學,elementary,,,,
Georgia Primary School,喬治亞小學,elementary,,,,
Georgetown Primary School,喬治城小學,elementary,,,,
嗇色園主辦可譽中學暨可譽小學 Ho Yu College and Primary School (Sponsored by Sik Sik Yuen) (Primary School),嗇色園主辦可譽中學暨可譽小學 Ho Yu College and Primary School (Sponsored by Sik Sik Yuen) (Primary School),elementary,,普濟勸善 To act benevolently and to preach benevolence,,
Canossian Primary School,嘉諾撒小學,elementary,,,,
嘉諾撒聖家學校 Holy Family Canossian School 聖家小學,嘉諾撒聖家學校 Holy Family Canossian School 聖家小學,elementary,,謙遜仁愛 Humility and Charity,,
嘉諾撒聖家學校(九龍塘) Holy Family Canossian School (Kowloon Tong) 聖家小學,嘉諾撒聖家學校(九龍塘) Holy Family Canossian School (Kowloon Tong) 聖家小學,elementary,,同繫於愛 United in Love,,
嘉諾撒聖心學校 Sacred Heart Canossian School 嘉諾撒聖心小學,嘉諾撒聖心學校 Sacred Heart Canossian School 嘉諾撒聖心小學,elementary,,"我是道路、真理、生命（若14：6） I am the Way, the Truth and the Life (John 14 ",,
嘉諾撒聖心學校私立部 Sacred Heart Canossian School Private Section 嘉諾撒聖心小學,嘉諾撒聖心學校私立部 Sacred Heart Canossian School Private Section 嘉諾撒聖心小學,elementary,,道路、真理、生命 Via Veritas Vita,,
Beacon Hill Primary,嘉道理小學,elementary,,,,
Serious Primary School,嚴肅小學,elementary,,,,
Inverness Primary School,因弗內斯小學,elementary,,,,
國民學校 Kwok Man School,國民學校 Kwok Man School,elementary,,"禮、義、勤、誠 Politeness, Righteousness, Diligence and Honesty",,
National Primary School,國立小學,elementary,,,,
International Primary School,國際小學,elementary,,,,
Tucson Primary School,圖森小學,elementary,,,,
Unity Primary School,團結小學,elementary,,,,
Delia School of Canada,地利亞加拿大國際學校,elementary,,,,
Delia Primary School,地利亞英文小學,elementary,,,,
Landmark Primary School,地標小學,elementary,,,,
Cumberland Primary,坎布里亞小學,elementary,,,,
Canterbury Primary School,坎特伯雷小學,elementary,,,,
Camden Primary School,坎登小學,elementary,,,,
Tampa Primary School,坦帕小學,elementary,,,,
坪石天主教小學 Ping Shek Estate Catholic Primary School,坪石天主教小學 Ping Shek Estate Catholic Primary School,elementary,,仁愛堅毅 Caring and Assiduous,,
Exeter Primary School,埃克塞特小學,elementary,,,,
Ellis Primary School,埃利斯小學,elementary,,,,
Essex Primary School,埃塞克斯小學,elementary,,,,
Edmonds Primary School,埃德蒙茲小學,elementary,,,,
Effingham Primary School,埃芬漢小學,elementary,,,,
Emery Primary School,埃默里小學,elementary,,,,
培僑小學 Pui Kiu Primary School,培僑小學 Pui Kiu Primary School,elementary,,,,
Pui Ching Primary,培正中學附屬小學,elementary,,,,
Pui Tak Primary,培道中學附屬小學,elementary,,,,
Christian Brethren Primary,基督徒小學,elementary,,,,
Christian Brethren Primary,基督徒會堂小學,elementary,,,,
Seventh Day Adventist Primary,基督復臨安息日會小學,elementary,,,,
International Christian School,基督教國際學校,elementary,,,,
Christian College Primary,基督教培真小學,elementary,,,,
Christian (Kwan) Primary,基督教官立小學,elementary,,,,
Christian Primary School,基督教小學,elementary,,,,
Christian Academy Primary,基督教崇真中學(小學部),elementary,,,,
DKMA Primary,基督教崇真中學小學部,elementary,,,,
Christian (Ping) Primary,基督教平安小學,elementary,,,,
Christian Heng Lung Primary,基督教恆隆小學,elementary,,,,
基督教聖約教會堅樂小學 The Mission Covenant Church Holm Glad Primary School,基督教聖約教會堅樂小學 The Mission Covenant Church Holm Glad Primary School,elementary,,敬畏耶和華是智慧的開端，認識至聖者便是聰明。 The fear of the LORD is the beginning of wisdom and knowledge of the Holy One is understanding.,,
Christian Fengye Primary,基督教風悅小學,elementary,,,,
ELCHK (San) Primary,基督教香港信義會三育中學附屬小學,elementary,,,,
ELCHK (Yan) Primary,基督教香港信義會仁愛小學,elementary,,,,
基督教香港信義會信愛學校 ELCHK Faith Love Lutheran School,基督教香港信義會信愛學校 ELCHK Faith Love Lutheran School,elementary,,因信稱義、學智知仁 Pursue righteousness by faith; Attain benevolence through enlightenment.,,
ELCHK (Lui) Primary,基督教香港信義會利福小學,elementary,,,,
ELCHK (Tin) Primary,基督教香港信義會天恩小學,elementary,,,,
ELCHK (Tai) Primary,基督教香港信義會太古城小學,elementary,,,,
ELCHK (Si) Primary,基督教香港信義會崇真中學附屬小學,elementary,,,,
ELCHK (Hei) Primary,基督教香港信義會怡瑞小學,elementary,,,,
ELCHK (Ming) Primary,基督教香港信義會明道小學,elementary,,,,
ELCHK (Tung) Primary,基督教香港信義會東涌天主教學校小學部,elementary,,,,
ELCHK (Lai) Primary,基督教香港信義會梨木樹小學,elementary,,,,
ELCHK (Sha) Primary,基督教香港信義會沙田小學,elementary,,,,
ELCHK (Shan) Primary,基督教香港信義會深信小學,elementary,,,,
ELCHK (Fuk) Primary,基督教香港信義會福榮小學,elementary,,,,
基督教香港信義會紅磡信義學校 ELCHK Hung Hom Lutheran Primary School,基督教香港信義會紅磡信義學校 ELCHK Hung Hom Lutheran Primary School,elementary,,榮神愛人 ,,
ELCHK (Kwai) Primary,基督教香港信義會葵盛小學,elementary,,,,
ELCHK (Lam) Primary,基督教香港信義會藍田小學,elementary,,,,
ELCHK (Ching) Primary,基督教香港信義會青霖小學,elementary,,,,
Keystone Primary School,基石小學,elementary,,,,
Kennedy Town Government Primary,堅尼地城官立小學,elementary,,,,
Strong Primary School,堅強小學,elementary,,,,
Kansas Primary School,堪薩斯小學,elementary,,,,
Tallahassee Primary School,塔拉哈西小學,elementary,,,,
Tuscaloosa Primary School,塔斯卡盧薩小學,elementary,,,,
Tulsa Primary School,塔爾薩小學,elementary,,,,
Tallulah Primary School,塔盧拉小學,elementary,,,,
Tacoma Primary School,塔科馬小學,elementary,,,,
Salem Primary School,塞勒姆小學,elementary,,,,
Seminole Primary School,塞米諾爾小學,elementary,,,,
Malvern College Hong Kong,墨爾文國際學校,elementary,,,,
Melbourne Primary School,墨爾本小學,elementary,,,,
Spectacular Primary School,壯觀小學,elementary,,,,
Magnificent Primary School,壯麗小學,elementary,,,,
Dover Primary School,多佛小學,elementary,,,,
Toronto Primary School,多倫多小學,elementary,,,,
Dora Primary,多啦小學,elementary,,,,
Danube Primary School,多瑙河小學,elementary,,,,
Dominic Primary,多米尼克小學,elementary,,,,
Dolly Primary,多莉小學,elementary,,,,
Doris Primary,多莉絲小學,elementary,,,,
Dream Primary,夢想小學,elementary,,,,
Tai Po Government Primary,大埔官立小學,elementary,,,,
University Primary School,大學小學,elementary,,,,
Tai O Government Primary,大澳官立小學,elementary,,,,
Marble Primary School,大理石小學,elementary,,,,
Big Ben Primary,大笨鐘小學,elementary,,,,
Prairie Primary School,大草原小學,elementary,,,,
David Grey Primary,大衛格雷小學,elementary,,,,
Elephant Primary,大象小學,elementary,,,,
Avenue Primary School,大道小學,elementary,,,,
天主教佑華小學 Our Lady Of China Catholic Primary School,天主教佑華小學 Our Lady Of China Catholic Primary School,elementary,,愛化主民 God's love transforms our lives.,,
天主教明德學校 Meng Tak Catholic School,天主教明德學校 Meng Tak Catholic School,elementary,,愛人如己 Love others as you love yourself,,
天主教柏德學校 Bishop Paschang Catholic School 天主教柏德小學,天主教柏德學校 Bishop Paschang Catholic School 天主教柏德小學,elementary,,"仁、義、勤、儉 Patience,Justice,Diligence,and Thriftiness.",,
天主教總堂區學校 Catholic Mission School,天主教總堂區學校 Catholic Mission School,elementary,,敬主愛人、力學求真 Revere the Lord and Love People. Study Hard and Seek for the Truth.,,
天主教領島學校 Ling To Catholic Primary School 領島小學,天主教領島學校 Ling To Catholic Primary School 領島小學,elementary,,明辨篤行 Distinguish comprehensibly and behave sincerely,,
Angels Primary School,天使小學,elementary,,,,
天神嘉諾撒學校 Holy Angels Canossian School,天神嘉諾撒學校 Holy Angels Canossian School,elementary,,"謙遜仁愛 Be humble, be caring",,
太古小學 Taikoo Primary School,太古小學 Taikoo Primary School,elementary,,"誠信儉樸 Honesty, Trust, Prudence and Modesty",,
Wonderful Primary School,奇妙小學,elementary,,,,
Miraculous Primary School,奇蹟小學,elementary,,,,
Oakland Primary School,奧克蘭小學,elementary,,,,
Auburn Primary School,奧本小學,elementary,,,,
Olympia Primary School,奧林匹亞小學,elementary,,,,
Orlando Primary School,奧蘭多小學,elementary,,,,
Queen's College Primary,女皇書院小學,elementary,,,,
Willimantic Primary School,威利曼蒂克小學,elementary,,,,
Wichita Primary School,威奇托小學,elementary,,,,
Williamsburg Primary School,威廉斯堡小學,elementary,,,,
Westminster Primary School,威斯敏斯特小學,elementary,,,,
Wilkes-Barre Primary School,威爾克斯-巴里小學,elementary,,,,
Wells Primary School,威爾斯小學,elementary,,,,
Wilmington Primary School,威爾明頓小學,elementary,,,,
Wilson Primary School,威爾遜小學,elementary,,,,
Weldon Primary School,威爾頓小學,elementary,,,,
Wycombe Abbey School Hong Kong,威雅公學,elementary,,,,
Entertaining Primary,娛樂小學,elementary,,,,
Meridian Primary School,子午線小學,elementary,,,,
Cosmos Primary,宇宙小學,elementary,,,,
Secure Primary School,安全小學,elementary,,,,
Annual Primary,安培力小學,elementary,,,,
Ontario Primary School,安大略小學,elementary,,,,
Aplington Primary School,安菲爾頓小學,elementary,,,,
Perfect Primary School,完美小學,elementary,,,,
GHS Primary School,官立嘉道理小學,elementary,,,,
Pleasant Primary School,宜人小學,elementary,,,,
Christian & Missionary Alliance Primary,宣道會陳李佩英紀念小學,elementary,,,,
Missouri Primary School,密蘇里小學,elementary,,,,
Fulton Primary School,富爾頓小學,elementary,,,,
Franklin Primary School,富蘭克林小學,elementary,,,,
寶安商會溫浩根小學 Po On Commercial Association Wan Ho Kan Primary School 寶安商會温浩根小學,寶安商會溫浩根小學 Po On Commercial Association Wan Ho Kan Primary School 寶安商會温浩根小學,elementary,,敬遜時敏 ,,
Precious Blood Primary School,寶血小學,elementary,,,,
Respectful Primary School,尊重小學,elementary,,,,
Chapel Primary,小禮拜堂小學,elementary,,,,
Eureka Primary,尤里卡小學,elementary,,,,
Niagara Primary School,尼亞加拉小學,elementary,,,,
Tuen Mun Government Primary,屯門官立小學,elementary,,,,
Mountain Primary School,山岳小學,elementary,,,,
Eyrie Primary,山崖小學,elementary,,,,
Camellia Primary,山茶花小學,elementary,,,,
Valley Primary School,山谷小學,elementary,,,,
Summit Primary School,峰會小學,elementary,,,,
Island Primary School,島嶼小學,elementary,,,,
Canyon Primary School,峽谷小學,elementary,,,,
Chung Shan Primary,崇山小學,elementary,,,,
Chung Mei Primary,崇美小學,elementary,,,,
Sublime Primary School,崇高小學,elementary,,,,
State Primary School,州立小學,elementary,,,,
Huge Primary School,巨大小學,elementary,,,,
Brunswick Primary School,布倫瑞克小學,elementary,,,,
Blake Primary School,布萊克小學,elementary,,,,
Bryant Primary School,布萊恩特小學,elementary,,,,
Blair Primary School,布萊爾小學,elementary,,,,
Brecknock Primary School,布萊諾克小學,elementary,,,,
Brampton Primary School,布蘭普頓小學,elementary,,,,
Brandon Primary School,布蘭登小學,elementary,,,,
Brooklyn Primary,布魯克林小學,elementary,,,,
Hillcrest Primary School,希爾克雷斯特小學,elementary,,,,
Hilton Primary School,希爾頓小學,elementary,,,,
Parkwood Primary School,帕克伍德小學,elementary,,,,
Palo Alto Primary School,帕洛阿爾托小學,elementary,,,,
Empire Primary,帝國小學,elementary,,,,
Evergreen Primary School,常青小學,elementary,,,,
Equity Primary School,平正道小學,elementary,,,,
Equality Primary,平等小學,elementary,,,,
Calm Primary School,平靜小學,elementary,,,,
Young Primary School,年輕小學,elementary,,,,
Bliss Primary School,幸福小學,elementary,,,,
Lucky International School,幸運國際學校,elementary,,,,
Lucky Elementary School,幸運小學,elementary,,,,
Humorous Primary School,幽默小學,elementary,,,,
Cooinda Primary School,庫恩達小學,elementary,,,,
Cornell Primary School,康奈爾小學,elementary,,,,
Concordia Primary School,康文德小學,elementary,,,,
Cornwall Primary,康沃爾小學,elementary,,,,
Concord Primary School,康科德小學,elementary,,,,
Plaza Primary School,廣場小學,elementary,,,,
Vast Primary School,廣闊小學,elementary,,,,
Vernon Primary School,弗農小學,elementary,,,,
Mount Vernon Primary School,弗農山小學,elementary,,,,
Fremont Primary School,弗里蒙特小學,elementary,,,,
Frederick Primary School,弗雷德里克小學,elementary,,,,
Chamberlain Primary School,張伯倫小學,elementary,,,,
Powerful Primary School,強大小學,elementary,,,,
Pembroke Primary School,彭布羅克小學,elementary,,,,
Methodist College Primary,循道中學附屬小學,elementary,,,,
AD&F Primary,循道愛芬小學,elementary,,,,
Smile Primary School,微笑小學,elementary,,,,
Zephyr Primary School,微風小學,elementary,,,,
Texas Primary School,德克薩斯小學,elementary,,,,
Devon Primary School,德文郡小學,elementary,,,,
Derby Primary School,德比小學,elementary,,,,
GCE Primary,德瑞國際學校小學,elementary,,,,
Thorough Primary School,徹底小學,elementary,,,,
Willing Primary School,心甘情願小學,elementary,,,,
Loyalty Primary School,忠誠小學,elementary,,,,
Happy International School,快樂國際學校,elementary,,,,
Happy Elementary School,快樂小學,elementary,,,,
Cissy Primary,思思小學,elementary,,,,
Restoration Primary School,恢復小學,elementary,,,,
Enfield Primary School,恩菲爾德小學,elementary,,,,
Whittier Primary School,惠蒂爾小學,elementary,,,,
Wheeling Primary School,惠靈小學,elementary,,,,
Wellington Primary School,惠靈頓小學,elementary,,,,
Pleasant Primary School,愉快小學,elementary,,,,
Edinburgh Primary,愛丁堡小學,elementary,,,,
Patriot Primary School,愛國者小學,elementary,,,,
AP Prime Primary,愛培小學,elementary,,,,
Edwards Primary School,愛德華茲小學,elementary,,,,
Loving Primary School,愛心小學,elementary,,,,
AG Primary,愛秩序小學,elementary,,,,
愛秩序灣官立小學 Aldrich Bay Government Primary School,愛秩序灣官立小學 Aldrich Bay Government Primary School,elementary,,"敬、遜、思、敏 Respectable, Humble, Thoughtful, Prompt",,
Allied Arts Primary,愛群道小學,elementary,,,,
Iowa Primary School,愛荷華小學,elementary,,,,
Edison Primary School,愛迪生小學,elementary,,,,
Alice Primary School,愛麗絲小學,elementary,,,,
Emerson Primary School,愛默生小學,elementary,,,,
Thankful Primary School,感恩小學,elementary,,,,
Grateful Primary School,感激小學,elementary,,,,
Charity Primary School,慈善小學,elementary,,,,
慈幼學校 Salesian School,慈幼學校 Salesian School,elementary,,點燃火炬，照耀人群 To ignite one's life and to give light to others,,
Salesian Primary School,慈幼小學,elementary,,,,
慈幼葉漢千禧小學 Salesian Yip Hon Millennium Primary School,慈幼葉漢千禧小學 Salesian Yip Hon Millennium Primary School,elementary,,"誠信、儉樸 Be sincere, honest and humble. Speak the truth and lead a simple life.",,
Wyoming Primary School,懷俄明小學,elementary,,,,
Cliffside Primary School,懸崖邊小學,elementary,,,,
Gordon Primary School,戈登小學,elementary,,,,
Successful Primary School,成功小學,elementary,,,,
Strategic Primary School,戰略小學,elementary,,,,
Drama Primary,戲劇小學,elementary,,,,
Dane Primary School,戴恩小學,elementary,,,,
Davidson Primary School,戴維森小學,elementary,,,,
Aptitude Primary,才能小學,elementary,,,,
Topeka Primary School,托皮卡小學,elementary,,,,
Toledo Primary School,托萊多小學,elementary,,,,
Torrance Primary School,托蘭斯小學,elementary,,,,
Thomas Primary School,托馬斯小學,elementary,,,,
Aspiration Primary,抱負小學,elementary,,,,
Magdalene Primary School,抹大拉小學,elementary,,,,
Ramsey Primary School,拉姆齊小學,elementary,,,,
Lafayette Primary School,拉斐特小學,elementary,,,,
Lagrange Primary School,拉格朗日小學,elementary,,,,
Laredo Primary School,拉雷多小學,elementary,,,,
拔萃小學 Diocesan Preparatory School 舊小拔,拔萃小學 Diocesan Preparatory School 舊小拔,elementary,,敬畏耶和華是智慧的開端。 The fear of the Lord is the beginning of wisdom.,,
"拔萃男書院附屬小學 Diocesan Boys' School Primary Division 新小拔, 男拔萃小學, 男拔萃書院小學, 男拔附小, 男拔小, 小男拔","拔萃男書院附屬小學 Diocesan Boys' School Primary Division 新小拔, 男拔萃小學, 男拔萃書院小學, 男拔附小, 男拔小, 小男拔",elementary,,,,
Arch Primary,拱型小學,elementary,,,,
Exponential Primary,指數小學,elementary,,,,
Enquiry Primary,探究小學,elementary,,,,
Explorer Primary,探索者小學,elementary,,,,
Yankee Primary School,揚基小學,elementary,,,,
Youngstown Primary School,揚斯敦小學,elementary,,,,
Morgan Primary School,摩根小學,elementary,,,,
Expand Primary,擴展小學,elementary,,,,
Regency Primary School,攝政小學,elementary,,,,
Story Primary School,故事小學,elementary,,,,
救世軍中原慈善基金學校 The Salvation Army Centaline Charity Fund School,救世軍中原慈善基金學校 The Salvation Army Centaline Charity Fund School,elementary,,"誠信愛勤 Honesty, Trust, Love and Diligence",,
救世軍林拔中紀念學校 The Salvation Army Lam Butt Chung Memorial School,救世軍林拔中紀念學校 The Salvation Army Lam Butt Chung Memorial School,elementary,,"誠信愛勤 DIGNITY, FAITH, LOVE, DILIGENCE",,
救世軍韋理夫人紀念學校 The Salvation Army Ann Wyllie Memorial School,救世軍韋理夫人紀念學校 The Salvation Army Ann Wyllie Memorial School,elementary,,"誠信愛勤 Integrity, Faith, Love, Diligence",,
救恩學校 Kau Yan School 救恩小學、救恩學校(小學部),救恩學校 Kau Yan School 救恩小學、救恩學校(小學部),elementary,,"信、望、愛 Faith, Hope,Love",,
Education Primary School,教育大學附屬小學,elementary,,,,
Education Primary,教育小學,elementary,,,,
Renaissance Primary School,文藝復興小學,elementary,,,,
Schenectady Primary School,斯克內克塔迪小學,elementary,,,,
Stewart Primary School,斯圖爾特小學,elementary,,,,
Stanley Primary School,斯坦利小學,elementary,,,,
Stanford Primary School,斯坦福小學,elementary,,,,
Stamford Primary School,斯坦福德小學,elementary,,,,
Spartan Primary School,斯巴達小學,elementary,,,,
Stockton Primary School,斯托克頓小學,elementary,,,,
Staunton Primary School,斯托頓小學,elementary,,,,
Springfield Primary School,斯普林菲爾德小學,elementary,,,,
Swainsboro Primary School,斯溫斯伯勒小學,elementary,,,,
Stillwater Primary School,斯蒂爾沃特小學,elementary,,,,
Spencer Primary School,斯賓塞小學,elementary,,,,
新會商會學校 San Wui Commercial Society School,新會商會學校 San Wui Commercial Society School,elementary,,立誠明善，擇善力行 Know your heart and strive for betterment,,
NLSI Primary,新界喇沙中學小學部,elementary,,,,
NTK Primary,新界書院小學,elementary,,,,
Geneva Primary School,日內瓦小學,elementary,,,,
Sunrise Primary School,日出小學,elementary,,,,
Sunset Primary School,日落小學,elementary,,,,
Eclipse Primary,日食小學,elementary,,,,
Mong Kok Government Primary,旺角官立小學,elementary,,,,
Quincy Primary School,昆西小學,elementary,,,,
Bright International School,明亮國際學校,elementary,,,,
Bright Elementary School,明亮小學,elementary,,,,
Minneapolis Primary School,明尼阿波利斯小學,elementary,,,,
Caritas Primary School,明愛小學,elementary,,,,
Sensible Primary School,明智小學,elementary,,,,
Zodiac Primary School,星座小學,elementary,,,,
Spring Valley Primary School,春谷小學,elementary,,,,
Epoch Primary,時代小學,elementary,,,,
Plymouth Primary School,普利茅斯小學,elementary,,,,
Princeton Primary School,普林斯頓小學,elementary,,,,
Providence Primary School,普羅維登斯小學,elementary,,,,
Preston Primary School,普雷斯頓小學,elementary,,,,
Wise International School,智慧國際學校,elementary,,,,
Wise Primary School,智慧小學,elementary,,,,
Sage Primary School,智者小學,elementary,,,,
Mandalay Primary School,曼德勒小學,elementary,,,,
Manchester Primary School,曼徹斯特小學,elementary,,,,
Ultimate Primary School,最終小學,elementary,,,,
Laurel Primary School,月桂樹小學,elementary,,,,
Valuable Primary School,有價值小學,elementary,,,,
Gifted Primary School,有天賦小學,elementary,,,,
Learned Primary School,有學問小學,elementary,,,,
Hopeful Primary School,有希望小學,elementary,,,,
Talented Primary School,有才華小學,elementary,,,,
Rewarding Primary School,有益小學,elementary,,,,
Polite Primary School,有禮貌小學,elementary,,,,
Interesting Primary School,有趣小學,elementary,,,,
Longfellow Primary School,朗費羅小學,elementary,,,,
Youthful Primary School,朝氣蓬勃小學,elementary,,,,
Magnolia Primary School,木蘭花小學,elementary,,,,
李陞小學 Li Sing Primary School,李陞小學 Li Sing Primary School,elementary,,敬業樂群 ,,
杯澳公立學校 Bui O Public School,杯澳公立學校 Bui O Public School,elementary,,"誠樸、忠信、仁愛、正直、敦厚 Sincerity and Simple, Loyalty, Charity, Honesty, Modesty",,
東涌天主教學校 Tung Chung Catholic School (Primary School) 東涌天主教小學,東涌天主教學校 Tung Chung Catholic School (Primary School) 東涌天主教小學,elementary,,立己愛人 Strive for personal best and spread love,,
TWGHs Primary School,東華三院小學,elementary,,,,
Pinecrest Primary School,松樹冠小學,elementary,,,,
Lynch Primary School,林奇小學,elementary,,,,
Lincoln Primary School,林肯小學,elementary,,,,
Lindsey Primary School,林賽小學,elementary,,,,
Orchard Primary School,果園小學,elementary,,,,
Cypress Primary School,柏樹小學,elementary,,,,
Chatham Primary,查塔姆小學,elementary,,,,
Chadwick Primary School,查德威克小學,elementary,,,,
Charlton Primary School,查爾頓小學,elementary,,,,
Chadwick Primary,查特威克小學,elementary,,,,
Charles Dickens Primary,查理·狄更斯小學,elementary,,,,
Kirkland Primary School,柯克蘭小學,elementary,,,,
Curtis Primary School,柯蒂斯小學,elementary,,,,
Campus Primary School,校園小學,elementary,,,,
Glenwood Primary School,格倫伍德小學,elementary,,,,
Grenoble Primary School,格勒諾布爾小學,elementary,,,,
Greenwich Primary School,格林威治小學,elementary,,,,
Greenfield Primary School,格林菲爾德小學,elementary,,,,
Grandview Primary School,格蘭德維尤小學,elementary,,,,
Greystone Primary School,格雷石小學,elementary,,,,
Peachtree Primary School,桃樹小學,elementary,,,,
Myrtle Primary School,桃金孃小學,elementary,,,,
Eucalypt Primary,桉樹小學,elementary,,,,
Sanders Primary School,桑德斯小學,elementary,,,,
Thornton Primary School,桑頓小學,elementary,,,,
Mason Primary School,梅森小學,elementary,,,,
梅窩學校 Mui Wo School,梅窩學校 Mui Wo School,elementary,,至知至善 To acquire basic academic knowledge and develop virtues of a responsible and broad-minded citizen to lead our country into the bright future.,,
Mayfair Primary School,梅菲爾小學,elementary,,,,
Mayfield Primary School,梅菲爾德小學,elementary,,,,
Mellon Primary School,梅隆小學,elementary,,,,
Merton Primary School,梅頓小學,elementary,,,,
Sycamore Primary School,梧桐樹小學,elementary,,,,
Forest Primary School,森林小學,elementary,,,,
Maple Primary School,楓樹小學,elementary,,,,
Aurora Primary School,極光小學,elementary,,,,
Fantastic Primary School,極好小學,elementary,,,,
Zenith Primary School,極峰小學,elementary,,,,
Elm Primary,榆樹小學,elementary,,,,
Banyan Primary School,榕樹小學,elementary,,,,
樂善堂小學 Lok Sin Tong Primary School,樂善堂小學 Lok Sin Tong Primary School,elementary,,仁、愛、勤、誠,,
樂善堂楊仲明學校 Lok Sin Tong Yeung Chung Ming Primary School,樂善堂楊仲明學校 Lok Sin Tong Yeung Chung Ming Primary School,elementary,,"仁、愛、勤、誠 Benevolence, Affection, Diligence, Faithfulness",,
Helpful Primary School,樂於助人小學,elementary,,,,
樂華天主教小學 Lok Wah Catholic Primary School,樂華天主教小學 Lok Wah Catholic Primary School,elementary,,博學弘德，共同願景：敬師愛友遍校園，多元學習展才能 ,,
Criterion Primary,標準小學,elementary,,,,
Portsmouth Primary School,樸茨茅斯小學,elementary,,,,
Grove Primary School,樹林小學,elementary,,,,
Beechwood Primary School,樺木小學,elementary,,,,
Birch Primary School,樺樹小學,elementary,,,,
Orange Primary School,橙樹小學,elementary,,,,
Witty Primary School,機智小學,elementary,,,,
Oakwood Primary School,橡木林小學,elementary,,,,
Oak Grove Primary School,橡樹林小學,elementary,,,,
Cherry Primary,櫻桃小學,elementary,,,,
Delight Primary School,欣喜小學,elementary,,,,
Goshen Primary School,歌珊小學,elementary,,,,
Irving Primary School,歐文人壽小學,elementary,,,,
Merry Primary School,歡樂小學,elementary,,,,
Integrity Primary School,正直小學,elementary,,,,
Colonial Primary School,殖民小學,elementary,,,,
Beverly Primary,比華利小學,elementary,,,,
民生書院小學 Munsang College Primary School 民生小學、民生書院小學部,民生書院小學 Munsang College Primary School 民生小學、民生書院小學部,elementary,,"「光與生命」「人人為我，我為人人」 Light and Life. All for One, One for All.",,
Crystal Primary,水晶小學,elementary,,,,
Eternal Primary,永恆小學,elementary,,,,
Warren Primary School,沃倫小學,elementary,,,,
Waltham Primary School,沃爾瑟姆小學,elementary,,,,
Sullivan Primary School,沙利文小學,elementary,,,,
Desert Primary School,沙漠小學,elementary,,,,
Sha Tin Government Primary,沙田官立小學,elementary,,,,
Riverside Primary School,河濱小學,elementary,,,,
Beauvoir Primary School,法國國際學校小學,elementary,,,,
Farmington Primary School,法明頓小學,elementary,,,,
Polk Primary School,波爾克小學,elementary,,,,
Portland Primary School,波特蘭小學,elementary,,,,
Tyler Primary School,泰勒小學,elementary,,,,
Titus Primary School,泰特斯小學,elementary,,,,
Lockhart Primary School,洛克哈特小學,elementary,,,,
Lovelace Primary School,洛夫萊斯小學,elementary,,,,
Lowell Primary School,洛威爾小學,elementary,,,,
Lorraine Primary School,洛林小學,elementary,,,,
Logan Primary School,洛根小學,elementary,,,,
Loch Primary School,洛赫小學,elementary,,,,
Dynamic Primary School,活力小學,elementary,,,,
Fluent Primary School,流利小學,elementary,,,,
Seacoast Primary School,海岸小學,elementary,,,,
Hyde Primary School,海德小學,elementary,,,,
Hayward Primary School,海沃德小學,elementary,,,,
Gulf Primary School,海灣小學,elementary,,,,
浸信宣道會呂明才小學 Conservative Baptist Lui Ming Choi Primary School,浸信宣道會呂明才小學 Conservative Baptist Lui Ming Choi Primary School,elementary,,真理知識 Truth and Knowledge,,
Baptist (Sha Tin) Primary,浸信會(沙田)小學,elementary,,,,
Baptist (Happy) Primary,浸信會(香港)小學,elementary,,,,
Liam Primary,浸信會呂明才中學附屬小學,elementary,,,,
Baptist Primary School,浸信會小學,elementary,,,,
Baptist Wing Shek Primary,浸信會永設小學,elementary,,,,
Baptist (Shatin) Primary,浸信會沙田小學,elementary,,,,
Glenealy School,浸利亞小學,elementary,,,,
Sane Primary School,清醒小學,elementary,,,,
Harbor Primary School,港口小學,elementary,,,,
港大同學會小學 HKUGA Primary School 香港大學同學會小學,港大同學會小學 HKUGA Primary School 香港大學同學會小學,elementary,,"明德惟志、格物惟勤 Strive for Virtus, Quest for Truth",,
Island School Primary,港島中學附屬小學,elementary,,,,
Taunton Primary School,湯頓小學,elementary,,,,
Ready Primary School,準備就緒小學,elementary,,,,
Creek Primary School,溪流小學,elementary,,,,
Brookside Primary School,溪澗小學,elementary,,,,
Vancouver Primary School,溫哥華小學,elementary,,,,
Windham Primary School,溫德姆小學,elementary,,,,
Winchester Primary School,溫徹斯特小學,elementary,,,,
Winston Primary School,溫斯頓小學,elementary,,,,
Gentle International School,溫柔國際學校,elementary,,,,
Gentle Primary School,溫柔小學,elementary,,,,
Waterloo Primary School,滑鐵盧小學,elementary,,,,
滬江小學 Shanghai Alumni Primary School,滬江小學 Shanghai Alumni Primary School,elementary,,"信義勤愛 Faith, righteousness, diligence, love",,
Victoria Shanghai Academy,滬江維多利亞學院,elementary,,,,
Hamilton Primary School,漢密爾頓小學,elementary,,,,
Hampshire Primary School,漢普郡小學,elementary,,,,
Hampton Primary School,漢普頓小學,elementary,,,,
漢華中學(小學部) Hon Wah College (Primary Section) 漢華小學、漢華中學小學部、漢華學校,漢華中學(小學部) Hon Wah College (Primary Section) 漢華小學、漢華中學小學部、漢華學校,elementary,,"漢粹國菁 Educating students to become young leaders and make contributions to Hong Kong, China and the world.",,
Hanover Primary School,漢諾威小學,elementary,,,,
Xavier Primary School,澤維爾小學,elementary,,,,
Jersey Primary School,澤西小學,elementary,,,,
Utopia Primary School,烏托邦小學,elementary,,,,
Fearless Primary School,無畏小學,elementary,,,,
Skilful Primary School,熟練小學,elementary,,,,
Eager Primary School,熱切小學,elementary,,,,
Zealous Primary School,熱心小學,elementary,,,,
Enthusiastic Primary School,熱情小學,elementary,,,,
Beacon Primary School,燈塔小學,elementary,,,,
Oxford Primary School,牛津小學,elementary,,,,
Newton Primary School,牛頓小學,elementary,,,,
Shepherd Primary School,牧羊人小學,elementary,,,,
Trenton Primary School,特倫頓小學,elementary,,,,
Delaware Primary School,特拉華小學,elementary,,,,
Troy Primary School,特洛伊小學,elementary,,,,
Tracy Primary School,特雷西小學,elementary,,,,
Unique Primary School,獨特小學,elementary,,,,
Independence Primary School,獨立小學,elementary,,,,
Calvary Primary School,獻主會小學,elementary,,,,
獻主會小學 Oblate Primary School,獻主會小學 Oblate Primary School,elementary,,愛主愛人 Love God Love Others,,
Dynasty Primary,王朝小學,elementary,,,,
Rosewood Primary School,玫瑰木小學,elementary,,,,
Pearl Primary School,珍珠小學,elementary,,,,
Precious Primary School,珍貴小學,elementary,,,,
Rational Primary School,理性小學,elementary,,,,
Ideal Primary School,理想小學,elementary,,,,
Amber Primary School,琥珀小學,elementary,,,,
MCS Primary,瑪利曼書院小學,elementary,,,,
瑪利諾修院學校(小學部) Maryknoll Convent School (Primary Section) 瑪利諾修院小學、瑪利諾修院學校小學,瑪利諾修院學校(小學部) Maryknoll Convent School (Primary Section) 瑪利諾修院小學、瑪利諾修院學校小學,elementary,,明德惟馨 Sola Nobilitas Virtus (Virtue Alone Ennobles),,
Mathilda Primary School,瑪蒂爾達小學,elementary,,,,
Environment Primary,環境小學,elementary,,,,
Jones Primary School,瓊斯小學,elementary,,,,
Walla Walla Primary School,瓦拉瓦拉小學,elementary,,,,
Valparaiso Primary School,瓦爾帕萊索小學,elementary,,,,
Sweet Primary School,甜美小學,elementary,,,,
Lively Primary School,生動小學,elementary,,,,
Tennessee Primary School,田納西小學,elementary,,,,
Exotic Primary,異國小學,elementary,,,,
Aspen Primary School,白楊小學,elementary,,,,
Buckingham Primary School,白金漢小學,elementary,,,,
Centennial Primary School,百年小學,elementary,,,,
Queen's College Old Boys,皇仁書院同學會小學,elementary,,,,
Grantham Primary,皇仁書院附屬小學,elementary,,,,
Royal Primary School,皇家小學,elementary,,,,
Emperor Primary,皇帝小學,elementary,,,,
Peoria Primary School,皮奧里亞小學,elementary,,,,
Piedmont Primary School,皮德蒙特小學,elementary,,,,
Pierce Primary School,皮爾斯小學,elementary,,,,
Lucas Primary School,盧卡斯小學,elementary,,,,
Rutherford Primary School,盧瑟福小學,elementary,,,,
Genuine Primary School,真誠小學,elementary,,,,
Knowledgeable Primary School,知識淵博小學,elementary,,,,
Heather Primary School,石楠花小學,elementary,,,,
Stonewall Primary School,石牆小學,elementary,,,,
Dianthus Primary,石竹小學,elementary,,,,
Silicon Primary School,矽谷小學,elementary,,,,
Bexley Primary,碧溪小學,elementary,,,,
Marina Primary School,碼頭小學,elementary,,,,
祖堯天主教小學 Cho Yiu Catholic Primary School,祖堯天主教小學 Cho Yiu Catholic Primary School,elementary,,基督之光 Christ our Light,,
Cho Yiu Primary,祖堯小學,elementary,,,,
Assembly of God Primary,神召會小學,elementary,,,,
神召第一小學 First Assembly of God Primary School,神召第一小學 First Assembly of God Primary School,elementary,,信愛誠勤,,
福建中學附屬學校 Fukien Secondary School Affiliated School 福建小學、福建中學附屬小學,福建中學附屬學校 Fukien Secondary School Affiliated School 福建小學、福建中學附屬小學,elementary,,"求真擇善愛望誠信 In pursuit of truthfulness and perfection, Love, Hope, Integrity, Faith.",,
Holmes Primary School,福爾摩斯小學,elementary,,,,
Rhenish Primary,禮賢會小學,elementary,,,,
秀明小學 Sau Ming Primary School,秀明小學 Sau Ming Primary School,elementary,,"秀業明行 Excellent Studies, Exceptional Conduct",,
秀茂坪天主教小學 Sau Mau Ping Catholic Primary School,秀茂坪天主教小學 Sau Mau Ping Catholic Primary School,elementary,,實踐真理　力行仁愛 Realize the truth Strive to be kind,,
Scientific Primary School,科學小學,elementary,,,,
Coleman Primary School,科爾曼小學,elementary,,,,
Colby Primary School,科爾比小學,elementary,,,,
Moore Primary School,穆爾小學,elementary,,,,
Positive Primary School,積極小學,elementary,,,,
Steady Primary School,穩定小學,elementary,,,,
Arena Primary School,競技場小學,elementary,,,,
筲箕灣官立小學 Shau Kei Wan Government Primary School 筲官小學,筲箕灣官立小學 Shau Kei Wan Government Primary School 筲官小學,elementary,,樂勇博學，仁德愛群 ,,
筲箕灣崇真學校 Shaukiwan Tsung Tsin School,筲箕灣崇真學校 Shaukiwan Tsung Tsin School,elementary,,聖經至寶 The bible is our Precious Treasure,,
Vanderbilt Primary School,範德比爾特大學小學,elementary,,,,
Mitchell Primary School,米切爾小學,elementary,,,,
Miller Primary School,米勒小學,elementary,,,,
Middlesex Primary School,米德爾塞克斯小學,elementary,,,,
Midland Primary School,米德蘭小學,elementary,,,,
Milford Primary School,米爾福德小學,elementary,,,,
Milton Primary School,米爾頓小學,elementary,,,,
Fanling Government Primary,粉嶺官立小學,elementary,,,,
Energetic Primary School,精力充沛小學,elementary,,,,
Sophisticated Primary School,精密小學,elementary,,,,
Shrewd Primary School,精明小學,elementary,,,,
Refined Primary School,精煉小學,elementary,,,,
Spirited Primary School,精神抖擻小學,elementary,,,,
Exquisite Primary School,精緻小學,elementary,,,,
Elite Primary,精英小學,elementary,,,,
Memorial Primary School,紀念小學,elementary,,,,
York Primary School,約克小學,elementary,,,,
Joshua Primary School,約書亞小學,elementary,,,,
Johnson Primary School,約翰遜小學,elementary,,,,
Redwood Primary School,紅杉小學,elementary,,,,
Nashville Primary School,納什維爾小學,elementary,,,,
Newcastle Primary School,紐卡斯爾小學,elementary,,,,
Newport Primary School,紐波特小學,elementary,,,,
Sonoma Primary School,索諾瑪小學,elementary,,,,
Drizzle Primary,細雨小學,elementary,,,,
Beryl Primary School,綠玉小學,elementary,,,,
Vicksburg Primary School,維克斯堡小學,elementary,,,,
Virginia Primary School,維吉尼亞小學,elementary,,,,
Victoria Primary School,維多利亞小學,elementary,,,,
Bloom Primary,綻放小學,elementary,,,,
Prosperity Primary School,繁榮小學,elementary,,,,
Raleigh Primary School,羅利小學,elementary,,,,
Roosevelt Primary School,羅斯福小學,elementary,,,,
Rosemont Primary School,羅斯蒙特小學,elementary,,,,
Emerald Primary,翡翠小學,elementary,,,,
耀山學校 Iu Shan School,耀山學校 Iu Shan School,elementary,,"明道律己 (Conscientious and Self-disciplined: Equipping students with the knowledge and skills, and appreciating the values of self-discipline.)",,
Yew Tee International School,耀庭國際學校,elementary,,,,
Dazzle Primary School,耀眼光小學,elementary,,,,
Coventry Primary School,考文垂小學,elementary,,,,
Patient Primary School,耐小學,elementary,,,,
Holy Child Jesus Primary School,耶穌寶血小學,elementary,,,,
Yale Primary School,耶魯小學,elementary,,,,
Holy Trinity College Primary,聖三一中學附屬小學,elementary,,,,
聖三一堂小學 Holy Trinity Primary School 聖三一小學,聖三一堂小學 Holy Trinity Primary School 聖三一小學,elementary,,"能仁能勇，愛主愛人 Be kind and brave, love God and all mankind",,
St. Hugh's Primary School,聖休斯小學,elementary,,,,
聖保羅書院小學 St. Paul's College Primary School 聖保羅小學,聖保羅書院小學 St. Paul's College Primary School 聖保羅小學,elementary,,寅畏上主是為智之本 The fear of the Lord is the beginning of wisdom,,
St. Leonard's Primary School,聖倫納德小學,elementary,,,,
St. Clement's Primary School,聖克萊門特小學,elementary,,,,
聖公會主恩小學 SKH Chu Yan Primary School,聖公會主恩小學 SKH Chu Yan Primary School,elementary,,非以役人，乃役於人 ,,
聖公會九龍灣基樂小學 SKH Kowloon Bay Kei Lok Primary School,聖公會九龍灣基樂小學 SKH Kowloon Bay Kei Lok Primary School,elementary,,非以役人，乃役於人 Not to be served but to serve,,
聖公會仁立紀念小學 SKH Yan Laap Memorial Primary School 仁紀小學,聖公會仁立紀念小學 SKH Yan Laap Memorial Primary School 仁紀小學,elementary,,非以役人，乃役於人 Not to be served but to serve,,
聖公會何澤芸小學 SKH Ho Chak Wan Primary School,聖公會何澤芸小學 SKH Ho Chak Wan Primary School,elementary,,非以役人，乃役於人 Not to be served but to serve,,
聖公會偉倫小學 SKH Wei Lun Primary School,聖公會偉倫小學 SKH Wei Lun Primary School,elementary,,"非以役人，乃役於人 TO SERVE, NOT TO BE SERVED",,
聖公會呂明才紀念小學 SKH Lui Ming Choi Memorial Primary School,聖公會呂明才紀念小學 SKH Lui Ming Choi Memorial Primary School,elementary,,非以役人，乃役於人 Not to be served but to serve.,,
聖公會基恩小學 SKH Kei Yan Primary School,聖公會基恩小學 SKH Kei Yan Primary School,elementary,,非以役人，乃役於人 Not to be served but to serve,,
聖公會基樂小學 SKH Kei Lok Primary School,聖公會基樂小學 SKH Kei Lok Primary School,elementary,,"非以役人，乃役於人 Not to be served, but to serve",,
聖公會基顯小學 SKH Kei Hin Primary School,聖公會基顯小學 SKH Kei Hin Primary School,elementary,,非以役人，乃役於人 Not to be served but to serve,,
聖公會奉基千禧小學 SKH Fung Kei Millennium Primary School,聖公會奉基千禧小學 SKH Fung Kei Millennium Primary School,elementary,,非以役人，乃役於人 Not to be served but to serve,,
聖公會奉基小學 SKH Fung Kei Primary School,聖公會奉基小學 SKH Fung Kei Primary School,elementary,,非以役人，乃役於人 Not to be served but to serve,,
SKH Primary School,聖公會小學,elementary,,,,
聖公會德田李兆強小學 SKH Tak Tin Lee Shiu Keung Primary School,聖公會德田李兆強小學 SKH Tak Tin Lee Shiu Keung Primary School,elementary,,"非以役人，乃役於人 Keeping in step with the spirit of Jesus Christ our Lord, we carry out our school motto 'Not to be served, but to serve'.",,
聖公會李兆強小學 SKH Lee Shiu Keung Primary School,聖公會李兆強小學 SKH Lee Shiu Keung Primary School,elementary,,"非以役人，乃役於人 Not to be served, but to serve.",,
聖公會柴灣聖米迦勒小學 SKH Chai Wan St. Michael's Primary School,聖公會柴灣聖米迦勒小學 SKH Chai Wan St. Michael's Primary School,elementary,,非以役人，乃役於人 Not to be served but to serve,,
聖公會油塘基顯小學 SKH Yautong Kei Hin Primary School,聖公會油塘基顯小學 SKH Yautong Kei Hin Primary School,elementary,,非以役人，乃役於人 Not to be served but to serve,,
聖公會牧愛小學 SKH Good Shepherd Primary School,聖公會牧愛小學 SKH Good Shepherd Primary School,elementary,,仁愛勇敢 Love and Courage,,
聖公會聖匠小學 SKH Holy Carpenter Primary School,聖公會聖匠小學 SKH Holy Carpenter Primary School,elementary,,"孝悌忠信、服務人群 Our school strives to build up the following qualities in our students- respect, trust-worthiness, honesty and willingness to serve.",,
聖公會聖提摩太小學 SKH St. Timothy's Primary School,聖公會聖提摩太小學 SKH St. Timothy's Primary School,elementary,,非以役人，乃役於人 NOT TO BE SERVED BUT TO SERVE,,
聖公會聖米迦勒小學 SKH St. Michael's Primary School,聖公會聖米迦勒小學 SKH St. Michael's Primary School,elementary,,非以役人，乃役於人 NOT TO BE SERVED BUT TO SERVE,,
聖公會聖約翰曾肇添小學 SKH St. John's Primary School 聖公會聖約翰小學,聖公會聖約翰曾肇添小學 SKH St. John's Primary School 聖公會聖約翰小學,elementary,,"非以役人，乃役於人 Not to served, but to serve.",,
聖公會聖馬太小學 SKH St. Matthew's Primary School,聖公會聖馬太小學 SKH St. Matthew's Primary School,elementary,,非以役人，乃役於人 Not to be served but to serve,,
聖公會青衣主恩小學 SKH Tsing Yi Chu Yan Primary School,聖公會青衣主恩小學 SKH Tsing Yi Chu Yan Primary School,elementary,,非以役人，乃役於人 Not to be served but to serve.,,
St. Boniface's Primary,聖博義小學,elementary,,,,
St. George's Primary School,聖喬治小學,elementary,,,,
聖嘉勒小學 St. Clare's Primary School,聖嘉勒小學 St. Clare's Primary School,elementary,,真理必勝 Truth Conquers,,
聖嘉祿學校 St. Charles School,聖嘉祿學校 St. Charles School,elementary,,進德修業 Cultivating virtue and intellectual excellence,,
San Diego Primary School,聖地亞哥小學,elementary,,,,
St. Christopher's Primary School,聖基道小學,elementary,,,,
聖士提反女子中學附屬小學 St. Stephen's Girls' Primary School,聖士提反女子中學附屬小學 St. Stephen's Girls' Primary School,elementary,,本信而進前 In Faith Go Forward,,
St. Dominic's Primary,聖多米尼克小學,elementary,,,,
Holy Angels Primary School,聖天使小學,elementary,,,,
聖安多尼學校 St. Anthony's School,聖安多尼學校 St. Anthony's School,elementary,,"篤信博愛 Sincerity, faith, compassion and love",,
St. Andrew's Primary School,聖安德烈小學,elementary,,,,
San Antonio Primary School,聖安東尼奧小學,elementary,,,,
St. Antony's Primary,聖安東尼小學,elementary,,,,
聖安當小學 St. Antonius Primary School,聖安當小學 St. Antonius Primary School,elementary,,公誠勤毅：處事公正待人以誠勤奮好學堅毅自強 ,,
聖家學校 Holy Family School,聖家學校 Holy Family School,elementary,,"仁愛、服從、勤勞 Kindness, Obedience, Diligence",,
Aberdeen St. David's Primary,聖德尼小學,elementary,,,,
Sacred Heart Primary School,聖心小學,elementary,,,,
聖愛德華天主教小學 St. Edward's Catholic Primary School,聖愛德華天主教小學 St. Edward's Catholic Primary School,elementary,,敬主愛人博學明德 Respect God and live a life of love. Be learned and adhere to morals.,,
St. Edward's Primary School,聖愛德華小學,elementary,,,,
St. Raphael Primary,聖拉斐爾小學,elementary,,,,
St. Vincent Primary,聖文森特小學,elementary,,,,
St. Francis' Primary School,聖方濟各小學,elementary,,,,
St. Benedict's Primary School,聖本尼迪克小學,elementary,,,,
Temple Primary School,聖殿小學,elementary,,,,
Our Lady of Good Counsel Primary,聖母佳音小學,elementary,,,,
Our Lady of Mount Carmel Primary,聖母加爾默羅小學,elementary,,,,
Immaculate Heart of Mary Primary,聖母無原罪小學,elementary,,,,
Holy Family Primary School,聖母訪親小學,elementary,,,,
St. Helen's Primary School,聖海倫小學,elementary,,,,
St. Margaret Primary,聖瑪格麗特小學,elementary,,,,
Covenant Primary,聖約小學,elementary,,,,
St. Joseph's College Primary,聖約瑟書院附屬小學,elementary,,,,
St. Victor Primary,聖維克多小學,elementary,,,,
聖羅撒學校 St. Rose of Lima's School 聖羅撒小學,聖羅撒學校 St. Rose of Lima's School 聖羅撒小學,elementary,,忠誠仁愛 THROUGH CHARITY TO TRUTH,,
聖若望英文書院(小學部) St. Johannes College (Primary Section) 天主教聖若望英文書院,聖若望英文書院(小學部) St. Johannes College (Primary Section) 天主教聖若望英文書院,elementary,,"慎思力行 we will be responsive to each student's academic, intellectual, emotional, physical and social needs.",,
St. Joseph Primary,聖若瑟小學,elementary,,,,
聖若瑟英文小學 St. Joseph's Anglo-Chinese Primary School 聖約瑟英文小學,聖若瑟英文小學 St. Joseph's Anglo-Chinese Primary School 聖約瑟英文小學,elementary,,"「止於至善」就是拉丁文到達星辰的意思 AD ASTRA- a Latin phrase meaning to the stars, it signifies our desire to excel in all fields of school life.",,
聖若翰天主教小學 St. John The Baptist Catholic Primary School,聖若翰天主教小學 St. John The Baptist Catholic Primary School,elementary,,真理剛毅 Be Strong and Realize the Truth,,
S下一 hundred Primary,聖言書院附屬小學,elementary,,,,
Dominic Savio Primary School,聖貞德小學,elementary,,,,
聖類斯中學(小學部) St. Louis School (Primary Section) 聖類斯小學、聖類斯中學小學部,聖類斯中學(小學部) St. Louis School (Primary Section) 聖類斯小學、聖類斯中學小學部,elementary,,學問與虔敬並重 Scientia Et Pietas,,
St. Mark's Primary School,聖馬可小學,elementary,,,,
聖馬可小學 St. Mark's Primary School,聖馬可小學 St. Mark's Primary School,elementary,,敏事正道,,
Union Primary School,聯合小學,elementary,,,,
Federal Primary School,聯邦小學,elementary,,,,
Smart International School,聰明國際學校,elementary,,,,
Smart Elementary School,聰明小學,elementary,,,,
Liberty Primary School,自由小學,elementary,,,,
Proud Primary School,自豪小學,elementary,,,,
Supreme Primary School,至高無上小學,elementary,,,,
San Francisco Primary School,舊金山小學,elementary,,,,
Sherwood Primary School,舍伍德小學,elementary,,,,
Cozy Primary School,舒適小學,elementary,,,,
般咸道官立小學 Bonham Road Government Primary School,般咸道官立小學 Bonham Road Government Primary School,elementary,,敬業樂群 Study hard and benefit by the company of friends,,
Ivanhoe Primary School,艾凡赫小學,elementary,,,,
Essex Primary,艾塞克斯小學,elementary,,,,
Epsilon Primary,艾普西隆小學,elementary,,,,
Elgin Primary School,艾爾金小學,elementary,,,,
Eileen Primary,艾琳小學,elementary,,,,
Ferndale Primary School,芬代爾小學,elementary,,,,
Fenway Primary School,芬威小學,elementary,,,,
Garden Primary School,花園小學,elementary,,,,
Granite Primary School,花崗岩小學,elementary,,,,
Blossom Primary School,花朵小學,elementary,,,,
British School Hong Kong,英國國際學校,elementary,,,,
British International School,英國國際學校小學,elementary,,,,
ESF Kowloon Junior School,英基九龍小學,elementary,,,,
ESF South Island School,英基南島中學,elementary,,,,
ESF Sha Tin College,英基沙田學院,elementary,,,,
ESF Sha Tin Junior School,英基沙田小學,elementary,,,,
英皇書院同學會小學 King's College Old Boys' Association Primary School,英皇書院同學會小學 King's College Old Boys' Association Primary School,elementary,,慎思篤行 ,,
英皇書院同學會小學第二校 King's College Old Boys' Association Primary School No. 2 英皇二小,英皇書院同學會小學第二校 King's College Old Boys' Association Primary School No. 2 英皇二小,elementary,,慎思篤行 ,,
Anglo-Chinese Primary,英華小學,elementary,,,,
Van Buren Primary School,范布倫小學,elementary,,,,
Jasmine Primary School,茉莉花小學,elementary,,,,
Tsuen Wan Government Primary,荃灣官立小學,elementary,,,,
Meadow Primary School,草地小學,elementary,,,,
Holland Primary School,荷蘭小學,elementary,,,,
Johnston Primary School,莊臣小學,elementary,,,,
Moss Primary School,莫斯小學,elementary,,,,
Morehead Primary School,莫爾黑德小學,elementary,,,,
Morris Primary School,莫里斯小學,elementary,,,,
Chrysanthemum Primary,菊花小學,elementary,,,,
Bodhi Primary School,菩提小學,elementary,,,,
Linden Primary School,菩提樹小學,elementary,,,,
Washington Primary School,華盛頓小學,elementary,,,,
Leicester Primary School,萊斯特小學,elementary,,,,
Famous Primary School,著名小學,elementary,,,,
葛量洪校友會黃埔學校 GCEPSA Whampoa Primary School,葛量洪校友會黃埔學校 GCEPSA Whampoa Primary School,elementary,,,,
Tifton Primary School,蒂夫頓小學,elementary,,,,
Montgomery Primary School,蒙哥馬利小學,elementary,,,,
Montana Primary School,蒙大拿小學,elementary,,,,
Dandelion Primary,蒲公英小學,elementary,,,,
Sacramento Primary School,薩克拉門托小學,elementary,,,,
Savannah Primary School,薩凡納小學,elementary,,,,
Sarasota Primary School,薩拉索塔小學,elementary,,,,
Sutherland Primary School,薩瑟蘭小學,elementary,,,,
Surrey Primary School,薩里小學,elementary,,,,
Sutton Primary School,薩頓小學,elementary,,,,
Somerset Primary School,薩默塞特小學,elementary,,,,
藍田循道衞理小學 Lam Tin Methodist Primary School 藍循,藍田循道衞理小學 Lam Tin Methodist Primary School 藍循,elementary,,勤學求道　效主愛人 ,,
Arts Primary,藝術小學,elementary,,,,
Scotland Primary School,蘇格蘭小學,elementary,,,,
蘇浙小學校 Kiangsu and Chekiang Primary School 蘇淅小學、蘇浙小學校,蘇浙小學校 Kiangsu and Chekiang Primary School 蘇淅小學、蘇浙小學校,elementary,,整齊嚴肅 Orderly and Respectful,,
Zurich Primary School,蘇黎世小學,elementary,,,,
Langley Primary School,蘭利小學,elementary,,,,
Lansing Primary School,蘭辛小學,elementary,,,,
Randolph Primary School,蘭道夫小學,elementary,,,,
Lancaster Primary School,蘭開斯特小學,elementary,,,,
Wesleyan Primary School,衛斯理公學小學,elementary,,,,
Northwestern Primary School,西北小學,elementary,,,,
West Island School,西島中學,elementary,,,,
Sai Wan Government Primary,西環官立小學,elementary,,,,
Sai Kung Government Primary,西貢官立小學,elementary,,,,
Seattle Primary School,西雅圖小學,elementary,,,,
Gracious Primary School,親切小學,elementary,,,,
Bodhi Primary,覺醒小學,elementary,,,,
觀塘官立小學 Kwun Tong Government Primary School,觀塘官立小學 Kwun Tong Government Primary School,elementary,,"禮愛勤誠 Courtesy, Love, Diligence, Sincerity",,
觀塘官立小學(秀明道) Kwun Tong Government Primary School (Sau Ming Road) 觀塘官立小學秀明道,觀塘官立小學(秀明道) Kwun Tong Government Primary School (Sau Ming Road) 觀塘官立小學秀明道,elementary,,格致正誠 ,,
Point Primary School,觀點小學,elementary,,,,
Eval Primary,評估小學,elementary,,,,
Cynthia Primary School,詩印刷小學,elementary,,,,
Celia Primary,詩樂小學,elementary,,,,
Jamestown Primary School,詹姆斯敦小學,elementary,,,,
Honest Primary School,誠實小學,elementary,,,,
Nottingham Primary School,諾丁漢小學,elementary,,,,
Knoxville Primary School,諾克斯維爾小學,elementary,,,,
Norman Primary School,諾曼小學,elementary,,,,
Norton Primary School,諾頓小學,elementary,,,,
Humble Primary School,謙遜小學,elementary,,,,
Shelby Primary School,謝爾比小學,elementary,,,,
Shelton Primary School,謝爾頓小學,elementary,,,,
Vigilant Primary School,警覺小學,elementary,,,,
Plentiful Primary School,豐富小學,elementary,,,,
Bellagio Primary School,貝拉吉奧小學,elementary,,,,
Belfast Primary School,貝爾法斯特小學,elementary,,,,
Belvedere Primary School,貝爾維迪爾小學,elementary,,,,
Responsible Primary School,負責任小學,elementary,,,,
Fairfield Primary School,費爾菲爾德小學,elementary,,,,
Fairmount Primary School,費爾蒙特小學,elementary,,,,
Fayette Primary School,費耶特小學,elementary,,,,
Resource Primary School,資源小學,elementary,,,,
Judson Primary School,賈德森小學,elementary,,,,
Pennsylvania Primary School,賓夕法尼亞小學,elementary,,,,
Zanesville Primary School,贊斯維爾小學,elementary,,,,
Superb Primary School,超級小學,elementary,,,,
Chiu Yang Primary,趙斑中學附屬小學,elementary,,,,
Sufficient Primary School,足夠小學,elementary,,,,
Lok Primary,路德會呂明才中學小學部,elementary,,,,
路德會聖馬太學校(秀茂坪) St. Matthew's Lutheran School (Sau Mau Ping),路德會聖馬太學校(秀茂坪) St. Matthew's Lutheran School (Sau Mau Ping),elementary,,效法基督　榮神益人 ,,
Louisville Primary School,路易斯維爾小學,elementary,,,,
Splendid Primary School,輝煌小學,elementary,,,,
Sensational Primary School,轟動小學,elementary,,,,
農圃道官立小學 Farm Road Government Primary School,農圃道官立小學 Farm Road Government Primary School,elementary,,進德修業 ,,
Swift Primary School,迅速小學,elementary,,,,
Carmel Primary School,迦密小學,elementary,,,,
迦密梁省德學校 Carmel Leung Sing Tak School,迦密梁省德學校 Carmel Leung Sing Tak School,elementary,,"明道律己，忠主善群 Self-discipline through the understanding of the Word, Service to mankind through faithfulness to the Lord.",,
Dylan Primary,迪倫小學,elementary,,,,
Dixon Primary School,迪克森小學,elementary,,,,
Decatur Primary School,迪凱特小學,elementary,,,,
Disney Primary,迪士尼小學,elementary,,,,
Charming Primary School,迷人小學,elementary,,,,
Taoist Primary School,道教小學,elementary,,,,
Dalton Primary School,道爾頓小學,elementary,,,,
Durham Primary School,達勒姆小學,elementary,,,,
Darwin Primary,達爾文小學,elementary,,,,
Dartmouth Primary School,達特茅斯小學,elementary,,,,
Dakota Primary,達科他小學,elementary,,,,
Heritage Primary School,遺產小學,elementary,,,,
Edge Primary,邊緣小學,elementary,,,,
Bonny Primary,邦妮小學,elementary,,,,
Dunkeld Primary,鄧凱德小學,elementary,,,,
Ridgefield Primary School,里奇菲爾德小學,elementary,,,,
Briarwood Primary School,野玫瑰木小學,elementary,,,,
Kimberly Primary School,金伯利小學,elementary,,,,
GDS Primary,金文泰中學附屬小學,elementary,,,,
Kingston Primary School,金斯頓小學,elementary,,,,
Aurelia Primary School,金色小學,elementary,,,,
Causeway Bay Government Primary,銅鑼灣官立小學,elementary,,,,
Cone Primary,錐形小學,elementary,,,,
Chandler Primary School,錢德勒小學,elementary,,,,
Zion Primary School,錫安小學,elementary,,,,
Syracuse Primary School,錫拉丘茲小學,elementary,,,,
Diamond Primary School,鑽石山小學,elementary,,,,
Cheung Chau Primary,長洲公立學堂,elementary,,,,
長洲聖心學校 Cheung Chau Sacred Heart School,長洲聖心學校 Cheung Chau Sacred Heart School,elementary,,"信、望、愛 Faith, Hope, Love",,
Monroe Primary School,門羅小學,elementary,,,,
閩僑小學 Man Kiu Association Primary School 閩僑學校,閩僑小學 Man Kiu Association Primary School 閩僑學校,elementary,,明德修身 To Cultivate one's morality,,
Caring International School,關愛國際學校,elementary,,,,
Caring Elementary School,關愛小學,elementary,,,,
Care Primary School,關懷小學,elementary,,,,
Arcadia Primary School,阿卡迪亞小學,elementary,,,,
Alpha Primary School,阿爾法小學,elementary,,,,
Alhambra Primary School,阿爾漢布拉小學,elementary,,,,
Alma Primary School,阿爾瑪小學,elementary,,,,
Avalon Primary School,阿瓦隆小學,elementary,,,,
陳瑞祺(喇沙)小學 Chan Sui Ki (La Salle) Primary School 陳瑞琪、陳瑞祺喇沙小學,陳瑞祺(喇沙)小學 Chan Sui Ki (La Salle) Primary School 陳瑞琪、陳瑞祺喇沙小學,elementary,,讚美天主 Laus Deo Semper (Praise God Always),,
Chen Rui Primary School,陳瑞祺小學,elementary,,,,
Sunny International School,陽光國際學校,elementary,,,,
Sunny Elementary School,陽光小學,elementary,,,,
Lombard Primary School,隆巴德小學,elementary,,,,
Eagle Primary School,雄鷹小學,elementary,,,,
Athena Primary School,雅典娜小學,elementary,,,,
Jacobs Primary School,雅各布小學,elementary,,,,
Aston Primary,雅士圖小學,elementary,,,,
Twin Falls Primary School,雙子瀑布小學,elementary,,,,
Daisy Primary,雛菊小學,elementary,,,,
Cedarwood Primary School,雪松木小學,elementary,,,,
Chevy Chase Primary School,雪維蔡斯小學,elementary,,,,
Shirley Primary School,雪莉小學,elementary,,,,
Remington Primary School,雷明頓小學,elementary,,,,
Holliday Primary School,霍利迪小學,elementary,,,,
Hobart Primary School,霍巴特小學,elementary,,,,
Hawthorne Primary School,霍桑小學,elementary,,,,
Holt Primary School,霍爾特小學,elementary,,,,
Howard Primary School,霍華德小學,elementary,,,,
Inspiration Primary School,靈感小學,elementary,,,,
靈糧堂秀德小學 Ling Liang Church Sau Tak Primary School,靈糧堂秀德小學 Ling Liang Church Sau Tak Primary School,elementary,,"信望愛：凡事包容、凡事相信、凡事盼望、凡事忍耐 Faith, Hope and Love",,
Ching Primary,青小學,elementary,,,,
青松侯寶垣小學 Ching Chung Hau Po Woon Primary School,青松侯寶垣小學 Ching Chung Hau Po Woon Primary School,elementary,,尊道貴德 Respect taoism and maintain good moral standard,,
Ching Kwan Primary,青松公學,elementary,,,,
Celadon Primary School,青瓷小學,elementary,,,,
Indigo Primary School,靛藍小學,elementary,,,,
Revolution Primary School,革命小學,elementary,,,,
Saddle River Primary School,鞍河小學,elementary,,,,
Webster Primary School,韋伯斯特小學,elementary,,,,
Waycross Primary School,韋克羅斯小學,elementary,,,,
Westfield Primary School,韋斯特菲爾德小學,elementary,,,,
Weston Primary School,韋斯頓小學,elementary,,,,
Waco Primary School,韋科小學,elementary,,,,
Wayland Primary School,韋蘭小學,elementary,,,,
Top Primary School,頂級小學,elementary,,,,
Territory Primary School,領土小學,elementary,,,,
Leader Primary School,領導者小學,elementary,,,,
Premier Primary School,首要小學,elementary,,,,
香港中國婦女會丘佐榮學校 The HKCWC Hioe Tjo Yoeng Primary School,香港中國婦女會丘佐榮學校 The HKCWC Hioe Tjo Yoeng Primary School,elementary,,博學篤志 Erudition and determination,,
Aberdeen Primary School,香港仔公立小學,elementary,,,,
Aberdeen Government Primary,香港仔官立小學,elementary,,,,
Aberdeen Technical School Primary,香港仔工業學校附屬小學,elementary,,,,
香港嘉諾撒學校 Canossa School (Hong Kong),香港嘉諾撒學校 Canossa School (Hong Kong),elementary,,"謙恭仁愛 To be humble, reverent, caring and loving",,
香港培正小學 Pui Ching Primary School,香港培正小學 Pui Ching Primary School,elementary,,至善至正 Be Good and Upright,,
香港培道小學 Pooi To Primary School,香港培道小學 Pooi To Primary School,elementary,,愛誠貞毅 Be kind. Be honest. Be loyal. Be perseverant.,,
HK Academy Primary,香港學院小學,elementary,,,,
Hong Kong Government Primary,香港官立小學,elementary,,,,
香港教育工作者聯會黃楚標學校 H.K.F.E.W. Wong Cho Bau School,香港教育工作者聯會黃楚標學校 H.K.F.E.W. Wong Cho Bau School,elementary,,求實創新 ,,
"香港潮商學校 Chiu Sheung School, Hong Kong 潮商小學","香港潮商學校 Chiu Sheung School, Hong Kong 潮商小學",elementary,,"禮、義、廉、恥 Propriety,Righteousness,Integrity,The Sense of Shame",,
HKCT Primary,香港社區書院小學,elementary,,,,
HKASL Primary,香港美國學校小學,elementary,,,,
香港道教聯合會圓玄學院陳呂重德紀念學校 HKTA YYI Chan Lui Chung Tak Memorial School,香港道教聯合會圓玄學院陳呂重德紀念學校 HKTA YYI Chan Lui Chung Tak Memorial School,elementary,,明道立德 ,,
香港道教聯合會雲泉學校 HKTA Wun Tsuen School,香港道教聯合會雲泉學校 HKTA Wun Tsuen School,elementary,,"明道立德 Grasp Principles, Cultivate Virtues",,
Martin Primary School,馬丁小學,elementary,,,,
Marshfield Primary School,馬什菲爾德小學,elementary,,,,
Bishop Morrison Primary School,馬利諾外方傳教會小學,elementary,,,,
Marlborough Primary School,馬爾borough小學,elementary,,,,
Malvern Primary School,馬爾文小學,elementary,,,,
Massachusetts Primary School,馬薩諸塞小學,elementary,,,,
Marion Primary School,馬里恩小學,elementary,,,,
Maryland Primary School,馬里蘭小學,elementary,,,,
馬頭涌官立小學 Ma Tau Chung Government Primary School,馬頭涌官立小學 Ma Tau Chung Government Primary School,elementary,,樂善勇敢 ,,
馬頭涌官立小學(紅磡灣) Ma Tau Chung Government Primary School (Hung Hom Bay),馬頭涌官立小學(紅磡灣) Ma Tau Chung Government Primary School (Hung Hom Bay),elementary,,"樂善忠信 Happiness, Kindness, Sincerity and Faith",,
Camel Primary,駱駝小學,elementary,,,,
Chevalier Primary,騎士小學,elementary,,,,
Stunning Primary School,驚艷小學,elementary,,,,
Upland Primary School,高原小學,elementary,,,,
Highland Primary School,高地小學,elementary,,,,
Noble International School,高尚國際學校,elementary,,,,
Noble Elementary School,高尚小學,elementary,,,,
Golfview Primary School,高爾夫景觀小學,elementary,,,,
Noble Primary School,高貴小學,elementary,,,,
Enchanted Primary,魔法小學,elementary,,,,
Phoenix Primary School,鳳凰小學,elementary,,,,
Eagle Primary,鷹小學,elementary,,,,
Elk Grove Primary School,麋鹿樹林小學,elementary,,,,
McLean Primary School,麥克萊恩小學,elementary,,,,
McDonald Primary School,麥當勞小學,elementary,,,,
Madison Primary School,麥迪遜小學,elementary,,,,
McKinley Primary School,麥金萊小學,elementary,,,,
"黃埔宣道小學 Alliance Primary School, Whampoa","黃埔宣道小學 Alliance Primary School, Whampoa",elementary,,敬畏耶和華是智慧的開端，認識至聖者便是聰明。 The fear of the LORD is the beginning of wisdom and knowledge of the Holy One is understanding.,,
Golden Primary School,黃金小學,elementary,,,,
Lebanon Primary School,黎巴嫩小學,elementary,,,,
Mercer Primary School,默瑟小學,elementary,,,,
Dragon Primary,龍小學,elementary,,,,
ABC Kindergarten,ABC幼稚園,kindergarten,,,,
World Kindergarten,世界幼稚園,kindergarten,,,,
Fairy Kindergarten,仙子幼稚園,kindergarten,,,,
Penguin Kindergarten,企鵝幼稚園,kindergarten,,,,
Eden Kindergarten,伊甸幼稚園,kindergarten,,,,
Bethel Kindergarten,伯特利幼稚園,kindergarten,,,,
Buddhist Kindergarten,佛教幼稚園,kindergarten,,,,
Buddhist Kindergarten,佛教慈慧幼兒園,kindergarten,,Compassion and Wisdom,"25 Kornhill Road, Hong Kong",
Po Leung Kuk Kindergarten,保良局幼兒園,kindergarten,,Protection and Care,"180 Hennessy Road, Hong Kong",
Trust Kindergarten,信任幼稚園,kindergarten,,,,
Faith Kindergarten,信心幼稚園,kindergarten,,,,
Belief Kindergarten,信念幼稚園,kindergarten,,,,
Beacon Kindergarten,信望愛幼稚園,kindergarten,,,,
Health Kindergarten,健康幼稚園,kindergarten,,,,
Quality Kindergarten,優質幼稚園,kindergarten,,,,
Elegant Kindergarten,優雅幼稚園,kindergarten,,,,
Bright Kindergarten,光明幼稚園,kindergarten,,,,
Glorious Kindergarten,光榮幼稚園,kindergarten,,,,
Kids World Kindergarten,兒童世界幼稚園,kindergarten,,,,
Kids House Kindergarten,兒童之家幼稚園,kindergarten,,,,
Kids Paradise Kindergarten,兒童天堂幼稚園,kindergarten,,,,
Princess Kindergarten,公主幼稚園,kindergarten,,,,
Champion Kindergarten,冠軍幼稚園,kindergarten,,,,
Kylie Kindergarten,凱莉幼稚園,kindergarten,,,,
Creative Kindergarten,創意幼稚園,kindergarten,,,,
Victory Kindergarten,勝利幼稚園,kindergarten,,,,
Beijing Kindergarten,北京幼稚園,kindergarten,,,,
Polar Bear Kindergarten,北極熊幼稚園,kindergarten,,,,
Brilliant Kindergarten,卓越幼稚園,kindergarten,,,,
Bohouse Kindergarten,博豪幼稚園,kindergarten,,,,
Timely Kindergarten,及時幼稚園,kindergarten,,,,
Cute Kindergarten,可愛幼稚園,kindergarten,,,,
Concord Kindergarten,和諧幼稚園,kindergarten,,,,
Kirk Kindergarten,啟基幼稚園,kindergarten,,,,
Discovery Kindergarten,啟新幼稚園,kindergarten,,,,
Enlighten Kindergarten,啟發幼稚園,kindergarten,,,,
Joy Kindergarten,喜悅幼稚園,kindergarten,,,,
Teamwork Kindergarten,團隊合作幼稚園,kindergarten,,,,
Horizon Kindergarten,地平線幼稚園,kindergarten,,,,
Landmark Kindergarten,地標幼稚園,kindergarten,,,,
Cornerstone Kindergarten,基石幼稚園,kindergarten,,,,
Summer Kindergarten,夏天幼稚園,kindergarten,,,,
Dream Kindergarten,夢想幼稚園,kindergarten,,,,
Heaven Kindergarten,天堂幼稚園,kindergarten,,,,
Gifted Kindergarten,天才幼稚園,kindergarten,,,,
Tianjin Kindergarten,天津幼稚園,kindergarten,,,,
Sky Kindergarten,天空幼稚園,kindergarten,,,,
Talented Kindergarten,天賦幼稚園,kindergarten,,,,
Wonderland Kindergarten,奇境幼稚園,kindergarten,,,,
Marvelous Kindergarten,奇妙幼稚園,kindergarten,,,,
Fantasy Kindergarten,奇幻幼稚園,kindergarten,,,,
Miracle Kindergarten,奇蹟幼稚園,kindergarten,,,,
Twinning Kindergarten,孖寶幼稚園,kindergarten,,,,
Kiddo Kindergarten,孩子王幼稚園,kindergarten,,,,
Learning Kindergarten,學習幼稚園,kindergarten,,,,
Scholars Kindergarten,學者幼稚園,kindergarten,,,,
Family Kindergarten,家庭幼稚園,kindergarten,,,,
Treasure Kindergarten,寶藏幼稚園,kindergarten,,,,
Baby Kindergarten,寶貝幼稚園,kindergarten,,,,
Respect Kindergarten,尊重幼稚園,kindergarten,,,,
Little Bunny Kindergarten,小兔子幼稚園,kindergarten,,,,
Little Angel Kindergarten,小天使命園,kindergarten,,,,
Little Sun Kindergarten,小太陽幼稚園,kindergarten,,,,
Little Learning Kindergarten,小學習幼稚園,kindergarten,,,,
Little Star Kindergarten,小星星幼稚園,kindergarten,,,,
Little Friends Kindergarten,小朋幼稚園,kindergarten,,,,
Little Tree Kindergarten,小樹幼稚園,kindergarten,,,,
Little Dolphin Kindergarten,小海豚幼稚園,kindergarten,,,,
Little Bear Kindergarten,小熊幼稚園,kindergarten,,,,
Little Panda Kindergarten,小熊貓幼稚園,kindergarten,,,,
Little Swallow Kindergarten,小燕子幼稚園,kindergarten,,,,
Little Unicorn Kindergarten,小獨角獸幼稚園,kindergarten,,,,
Little Rose Kindergarten,小玫瑰幼稚園,kindergarten,,,,
Little Rabbit Kindergarten,小白兔幼稚園,kindergarten,,,,
Little Seed Kindergarten,小種子幼稚園,kindergarten,,,,
Little Lamb Kindergarten,小羊幼稚園,kindergarten,,,,
Little Tiger Kindergarten,小老虎幼稚園,kindergarten,,,,
Little Smart Kindergarten,小聰明幼稚園,kindergarten,,,,
Little Flower Kindergarten,小花幼稚園,kindergarten,,,,
Little Hero Kindergarten,小英雄幼稚園,kindergarten,,,,
Little Owl Kindergarten,小貓頭鷹幼稚園,kindergarten,,,,
Little Giraffe Kindergarten,小長頸鹿幼稚園,kindergarten,,,,
Little Daisy Kindergarten,小雛菊幼稚園,kindergarten,,,,
Little Fish Kindergarten,小魚幼稚園,kindergarten,,,,
Little Whale Kindergarten,小鯨魚幼稚園,kindergarten,,,,
Little Bird Kindergarten,小鳥幼稚園,kindergarten,,,,
Little Eagle Kindergarten,小鷹幼稚園,kindergarten,,,,
Little Parrot Kindergarten,小鸚鵡幼稚園,kindergarten,,,,
Valley Kindergarten,山谷幼稚園,kindergarten,,,,
Hope Kindergarten,希望幼稚園,kindergarten,,,,
Peace Kindergarten,平安幼稚園,kindergarten,,,,
Clover Kindergarten,幸運草幼稚園,kindergarten,,,,
Kindergarten Kindergarten,幼兒園,kindergarten,,,,
Seedling Kindergarten,幼苗幼稚園,kindergarten,,,,
Comego Kindergarten,康文幼稚園,kindergarten,,,,
Guidance Kindergarten,引導幼稚園,kindergarten,,,,
Zephyr Kindergarten,微風幼稚園,kindergarten,,,,
Patience Kindergarten,忍耐幼稚園,kindergarten,,,,
Happy Kindergarten,快樂幼稚園,kindergarten,,,,
Celia Kindergarten,思樂幼稚園,kindergarten,,,,
Grace Kindergarten,恩典幼稚園,kindergarten,,,,
Caring Kindergarten,愛護幼稚園,kindergarten,,,,
Thankful Kindergarten,感恩幼稚園,kindergarten,,,,
Growing Kindergarten,成長幼稚園,kindergarten,,,,
Promise Kindergarten,承諾幼稚園,kindergarten,,,,
Lullaby Kindergarten,搖籃曲幼稚園,kindergarten,,,,
Hug Kindergarten,擁抱幼稚園,kindergarten,,,,
Support Kindergarten,支持幼稚園,kindergarten,,,,
Keen Kindergarten,敏銳幼稚園,kindergarten,,,,
Education Kindergarten,教育幼稚園,kindergarten,,,,
Renaissance Kindergarten,文藝復興幼稚園,kindergarten,,,,
Wise Kindergarten,明智幼稚園,kindergarten,,,,
Starlight Kindergarten,星光幼稚園,kindergarten,,,,
Zodiac Kindergarten,星座幼稚園,kindergarten,,,,
Morning Star Kindergarten,晨星幼稚園,kindergarten,,,,
Moonlight Kindergarten,月光幼稚園,kindergarten,,,,
Future Kindergarten,未來幼稚園,kindergarten,,,,
Oriental Kindergarten,東方幼稚園,kindergarten,,,,
Pine Kindergarten,松林幼稚園,kindergarten,,,,
Zoey Kindergarten,柔伊幼稚園,kindergarten,,,,
Treehouse Kindergarten,樹屋幼稚園,kindergarten,,,,
Sapling Kindergarten,樹苗幼稚園,kindergarten,,,,
Delight Kindergarten,欣喜幼稚園,kindergarten,,,,
Joyful Kindergarten,歡樂幼稚園,kindergarten,,,,
Jubilant Kindergarten,歡欣喜樂幼稚園,kindergarten,,,,
Cheer Kindergarten,歡欣幼稚園,kindergarten,,,,
Welcome Kindergarten,歡迎幼稚園,kindergarten,,,,
Shatin Kindergarten,沙田幼稚園,kindergarten,,,,
Waves Kindergarten,波浪幼稚園,kindergarten,,,,
Fluent Kindergarten,流暢幼稚園,kindergarten,,,,
Ocean Kindergarten,海洋幼稚園,kindergarten,,,,
Dolphin Kindergarten,海豚幼稚園,kindergarten,,,,
Island Kindergarten,港島幼稚園,kindergarten,,,,
Lakewood Kindergarten,湖景幼稚園,kindergarten,,,,
Stream Kindergarten,溪流幼稚園,kindergarten,,,,
Warmth Kindergarten,溫暖幼稚園,kindergarten,,,,
Gentle Kindergarten,溫柔幼稚園,kindergarten,,,,
Chinese International Kindergarten,漢基國際幼稚園,kindergarten,,,,
Lighthouse Kindergarten,燈塔幼稚園,kindergarten,,,,
Reward Kindergarten,獎勵幼稚園,kindergarten,,,,
Unique Kindergarten,獨特幼稚園,kindergarten,,,,
Unicorn Kindergarten,獨角獸幼稚園,kindergarten,,,,
Precious Kindergarten,珍寶幼稚園,kindergarten,,,,
Cherish Kindergarten,珍愛幼稚園,kindergarten,,,,
Pearl Kindergarten,珍珠幼稚園,kindergarten,,,,
Maryknoll Kindergarten,瑪利諾幼稚園,kindergarten,,,,
Sweet Kindergarten,甜蜜幼稚園,kindergarten,,,,
Discovery Kindergarten,發現幼稚園,kindergarten,,,,
Royal Kindergarten,皇家幼稚園,kindergarten,,,,
Sincere Kindergarten,真誠幼稚園,kindergarten,,,,
Knowledge Kindergarten,知識幼稚園,kindergarten,,,,
Childhood Kindergarten,童年幼稚園,kindergarten,,,,
Kids Garden Kindergarten,童話屋幼稚園,kindergarten,,,,
Kids Kingdom Kindergarten,童話王國幼稚園,kindergarten,,,,
First Step Kindergarten,第一步幼稚園,kindergarten,,,,
Rhythm Kindergarten,節奏幼稚園,kindergarten,,,,
Violet Kindergarten,紫羅蘭幼稚園,kindergarten,,,,
Lilac Kindergarten,紫藤幼稚園,kindergarten,,,,
Drizzle Kindergarten,細雨幼稚園,kindergarten,,,,
Silk Road Kindergarten,絲綢之路幼稚園,kindergarten,,,,
Greenfield Kindergarten,綠野幼稚園,kindergarten,,,,
Victoria Kindergarten,維多利亞幼稚園,kindergarten,,,,
Bloom Kindergarten,綻放幼稚園,kindergarten,,,,
Prosperous Kindergarten,繁榮幼稚園,kindergarten,,,,
Beautiful Kindergarten,美麗幼稚園,kindergarten,,,,
Verdant Kindergarten,翠綠幼稚園,kindergarten,,,,
Tiger Kindergarten,老虎幼稚園,kindergarten,,,,
Holy Trinity Kindergarten,聖三一幼稚園,kindergarten,,,,
Holy Cross Kindergarten,聖十字幼稚園,kindergarten,,,,
St. George Kindergarten,聖喬治幼稚園,kindergarten,,,,
St. Christopher Kindergarten,聖基道幼稚園,kindergarten,,,,
Holy Family Kindergarten,聖家幼稚園,kindergarten,,,,
Sacred Heart Kindergarten,聖心幼稚園,kindergarten,,,,
St. Edward Kindergarten,聖愛德華幼稚園,kindergarten,,,,
St. Raphael Kindergarten,聖拉斐爾幼稚園,kindergarten,,,,
St. Benedict Kindergarten,聖本尼迪克幼稚園,kindergarten,,,,
St. Francis Kindergarten,聖法蘭西斯幼稚園,kindergarten,,,,
St. Helen Kindergarten,聖海倫幼稚園,kindergarten,,,,
St. Margaret Kindergarten,聖瑪格麗特幼稚園,kindergarten,,,,
St. Joseph's Kindergarten,聖若瑟幼稚園,kindergarten,,,,
St. Matthew Kindergarten,聖馬太原學,kindergarten,,,,
Smart Kindergarten,聰明幼稚園,kindergarten,,,,
Garden Kindergarten,花園幼稚園,kindergarten,,,,
Flourish Kindergarten,茂盛幼稚園,kindergarten,,,,
Dandelion Kindergarten,蒲公英幼稚園,kindergarten,,,,
Apple Kindergarten,蘋果幼稚園,kindergarten,,,,
Orchid Kindergarten,蘭花幼稚園,kindergarten,,,,
Vision Kindergarten,視野幼稚園,kindergarten,,,,
Gracious Kindergarten,親切幼稚園,kindergarten,,,,
Language Kindergarten,語言幼稚園,kindergarten,,,,
Harvest Kindergarten,豐收幼稚園,kindergarten,,,,
Plenty Kindergarten,豐盛幼稚園,kindergarten,,,,
Super Kindergarten,超級幼稚園,kindergarten,,,,
Swift Kindergarten,迅速幼稚園,kindergarten,,,,
Playground Kindergarten,遊樂場幼稚園,kindergarten,,,,
Golden Kindergarten,金輝幼稚園,kindergarten,,,,
Diamond Kindergarten,鑽石幼稚園,kindergarten,,,,
Sparkle Kindergarten,閃爍幼稚園,kindergarten,,,,
Shining Kindergarten,閃耀幼稚園,kindergarten,,,,
Care Kindergarten,關愛幼稚園,kindergarten,,,,
Key Kindergarten,關鍵幼稚園,kindergarten,,,,
Sunny Kindergarten,陽光幼稚園,kindergarten,,,,
Sunshine Kindergarten,陽光普照幼稚園,kindergarten,,,,
Ladder Kindergarten,階梯幼稚園,kindergarten,,,,
Raindrop Kindergarten,雨滴幼稚園,kindergarten,,,,
Snow Kindergarten,雪人幼稚園,kindergarten,,,,
Snowdrop Kindergarten,雪滴幼稚園,kindergarten,,,,
Youth Kindergarten,青年幼稚園,kindergarten,,,,
Windmill Kindergarten,風車幼稚園,kindergarten,,,,
Noble Kindergarten,高貴幼稚園,kindergarten,,,,
Whiskers Kindergarten,鬍鬚幼稚園,kindergarten,,,,
Tulip Kindergarten,鬱金香幼稚園,kindergarten,,,,
Magic Kindergarten,魔法幼稚園,kindergarten,,,,
Phoenix Kindergarten,鳳凰幼稚園,kindergarten,,,,
Eagle Kindergarten,鷹飛幼稚園,kindergarten,,,,
CNEC College,中華基督教會中學,middle,,,,
CCC (Kowloon) Secondary,中華基督教會九龍真光中學,middle,,,,
CCC (Cheung) Secondary,中華基督教會元朗真光中學,middle,,,,
CCC (Kwong) Secondary,中華基督教會光華中學,middle,,,,
CCC (Heep) Secondary,中華基督教會協和書院,middle,,,,
CCC (Hong) Secondary,中華基督教會合一堂香港真光中學,middle,,,,
CCC (Tai) Secondary,中華基督教會基泰中學,middle,,,,
CNEC (Kowloon) Secondary,中華基督教會基真中學,middle,,,,
CCC (Lui) Secondary,中華基督教會基順中學,middle,,,,
CCC (Ming) Secondary,中華基督教會明華中學,middle,,,,
CCC (Tung) Secondary,中華基督教會東區中學,middle,,,,
CCC (Sha) Secondary,中華基督教會沙田崇真中學,middle,,,,
CNEC (Sha) Secondary,中華基督教會沙田靈光中學,middle,,,,
CNEC (Ming) Secondary,中華基督教會銘賢中學,middle,,,,
CCC (Ching) Secondary,中華基督教會青道中學,middle,,,,
Emmanuel College,以馬內利中學,middle,,,,
Bishop Hall Secondary School,何明華會督銀禧中學,middle,,,,
Buddhist College,佛教中學,middle,,,,
Buddhist (Chung) Secondary,佛教中華文化中學,middle,,,,
Buddhist (Ho) Secondary,佛教何黃筱湘紀念中學,middle,,,,
Buddhist (Lau) Secondary,佛教劉觀偉中學,middle,,,,
Buddhist (Sin) Secondary,佛教善德中學,middle,,,,
Buddhist (Tai) Secondary,佛教大雄中學,middle,,,,
Buddhist (Yun) Secondary,佛教慈航中學,middle,,,,
Buddhist (Tung) Secondary,佛教東區中學,middle,,,,
Buddhist (Maw) Secondary,佛教茂峰法師紀念中學,middle,,,,
Po Leung Kuk Wendy,保良局溫莎,middle,,,,
Faith Secondary,信心中學,middle,,,,
Canadian International School Secondary,加拿大國際學校中學,middle,,,,
Alkaid Secondary School,北斗中學,middle,,,,
Canossian College,嘉諾撒書院,middle,,,,
Christian Brethren College,基督徒會堂中學,middle,,,,
Christian College,基督教中學,middle,,,,
Christian College,基督教培真中學,middle,,,,
YMCA,基督教青年會學校,middle,,,,
ELCHK (San) Secondary,基督教香港信義會三育中學,middle,,,,
ELCHK (Lui) Secondary,基督教香港信義會利福中學,middle,,,,
ELCHK (Tin) Secondary,基督教香港信義會天恩中學,middle,,,,
ELCHK (Si) Secondary,基督教香港信義會崇真中學,middle,,,,
ELCHK (Tung) Secondary,基督教香港信義會東涌中學,middle,,,,
ELCHK (Sha) Secondary,基督教香港信義會沙田中學,middle,,,,
ELCHK (Kwai) Secondary,基督教香港信義會葵盛中學,middle,,,,
ELCHK (Ching) Secondary,基督教香港信義會青盈中學,middle,,,,
Confucian College,孔教中學,middle,,,,
Christian & Missionary Alliance,宣道會中學,middle,,,,
Precious Blood College,寶血書院,middle,,,,
Equity Secondary,平正中學,middle,,,,
GCE Secondary,德國國際學校中學,middle,,,,
EPICO Secondary,恩主教中學,middle,,,,
Caritas Secondary School,明愛中學,middle,,,,
Li Po Chun United World College,李兆基聯合世界書院,middle,,,,
TWGHs College,東華三院中學,middle,,,,
Chadwick Secondary School,查德威克中學,middle,,,,
Beauvoir Secondary School,法國國際學校中學,middle,,,,
Baptist College,浸信會中學,middle,,,,
Baptist (Sha Tin) College,浸信會沙田培生命中學,middle,,,,
ESF Clear Water Bay School,清水灣英基學校,middle,,,,
HKTA College,港九潮州公會中學,middle,,,,
Australian International School,澳洲國際學校,middle,,,,
Calvary Secondary School,獻主會聖母院書院,middle,,,,
Assembly of God Secondary,神召會中學,middle,,,,
Evangel College,福音中學,middle,,,,
Yew Chung International School,耀中國際學校,middle,,,,
St. Charles' College,聖嘉祿書院,middle,,,,
Our Lady of Good Counsel,聖母佳音書院,middle,,,,
Our Lady of Mount Carmel,聖母加爾默羅書院,middle,,,,
Immaculate Heart of Mary College,聖母無原罪書院,middle,,,,
St. Mary's International School,聖瑪麗國際學校,middle,,,,
St. Mark's College,聖馬可書院,middle,,,,
The English Schools Foundation,英基國際學校,middle,,,,
ESF Island School,英基港島中學,middle,,,,
ESF West Island School,英基西島中學,middle,,,,
G.C. Secondary,葛量洪中學,middle,,,,
International Montessori School,蒙特梭利國際學校,middle,,,,
Nord Anglia International School,諾德安達國際學校,middle,,,,
Jockey Club Initiative,賽馬會創新樓,middle,,Caring for Youth,Various locations,
Lutheran College,路德會中學,middle,,,,
Carmel Secondary School,迦密中學,middle,,,,
Diamant Secondary,鑽石中學,middle,,,,
Cheung Chau Secondary,長洲官立中學,middle,,,,
Aberdeen Technical School,香港仔工業學校,middle,,,,
International College Hong Kong,香港國際書院,middle,,,,
Chinese University of Hong Kong,香港中文大学,university,https://www.cuhk.edu.hk,,"Sha Tin, New Territories",Rocky Tuan
Hong Kong University,香港大学,university,https://www.hku.hk,,Pokfulam Road,Xiang Zhang
